time,id,storage
1685691089285695,SUB11,0
1685691089285730,SUB12,0
1685691089285750,SUB13,0
1685691090291519,SUB2,0
1685691090291658,SUB7,0
1685691090291771,SUB11,0
1685691090291855,SUB12,0
1685691090291942,SUB13,0
1685691091294562,SUB3,0
1685691091294632,SUB8,0
1685691091294666,SUB11,0
1685691091294685,SUB12,0
1685691091294701,SUB13,0
1685691092299171,SUB4,0
1685691092299413,SUB9,0
1685691092299736,SUB11,0
1685691092299992,SUB12,0
1685691092300220,SUB13,0
1685691093312397,SUB5,0
1685691093312986,SUB10,0
1685691093313254,SUB11,0
1685691093313515,SUB12,0
1685691093313740,SUB13,0
1685691095311050,SUB11,0
1685691095311162,SUB12,0
1685691095311183,SUB13,0
1685691096310227,SUB2,0
1685691096310267,SUB7,0
1685691096310300,SUB11,0
1685691096310354,SUB12,0
1685691096310400,SUB13,0
1685691097315153,SUB3,0
1685691097315203,SUB8,0
1685691097315222,SUB11,0
1685691097315250,SUB12,0
1685691097315281,SUB13,0
1685691098318407,SUB4,0
1685691098318466,SUB9,0
1685691098318504,SUB11,0
1685691098318580,SUB12,0
1685691098318654,SUB13,0
1685691099324175,SUB5,0
1685691099324738,SUB10,0
1685691099325369,SUB11,0
1685691099326028,SUB12,0
1685691099326835,SUB13,0
1685691101323582,SUB11,0
1685691101323637,SUB12,0
1685691101323678,SUB13,0
1685691102329019,SUB2,0
1685691102329204,SUB7,0
1685691102329314,SUB11,0
1685691102329400,SUB12,0
1685691102329515,SUB13,0
1685691103330493,SUB3,0
1685691103330626,SUB8,0
1685691103330746,SUB11,0
1685691103330848,SUB12,0
1685691103330961,SUB13,0
1685691104331781,SUB4,0
1685691104331917,SUB9,0
1685691104332004,SUB11,0
1685691104332076,SUB12,0
1685691104332144,SUB13,0
1685691105336791,SUB5,0
1685691105337098,SUB10,0
1685691105337311,SUB11,0
1685691105337542,SUB12,0
1685691105337763,SUB13,0
1685691107344158,SUB11,0
1685691107344313,SUB12,0
1685691107344408,SUB13,0
1685691108347355,SUB2,0
1685691108347559,SUB7,0
1685691108347698,SUB11,0
1685691108347826,SUB12,0
1685691108347904,SUB13,0
1685691109349999,SUB3,0
1685691109350123,SUB8,0
1685691109350214,SUB11,0
1685691109350354,SUB12,0
1685691109350491,SUB13,0
1685691110354209,SUB4,0
1685691110354520,SUB9,0
1685691110354698,SUB11,0
1685691110354945,SUB12,0
1685691110355182,SUB13,0
1685691111365392,SUB5,0
1685691111365620,SUB10,0
1685691111365889,SUB11,0
1685691111366132,SUB12,0
1685691111366357,SUB13,0
1685691113365457,SUB11,0
1685691113365516,SUB12,0
1685691113365538,SUB13,0
1685691114368490,SUB2,0
1685691114368550,SUB7,0
1685691114368574,SUB11,0
1685691114368596,SUB12,0
1685691114368616,SUB13,0
1685691115372301,SUB3,0
1685691115372329,SUB8,0
1685691115372351,SUB11,0
1685691115372376,SUB12,0
1685691115372401,SUB13,0
1685691116375519,SUB4,0
1685691116375587,SUB9,0
1685691116375616,SUB11,0
1685691116375643,SUB12,0
1685691116375671,SUB13,0
1685691117381542,SUB5,0
1685691117381792,SUB10,0
1685691117382055,SUB11,0
1685691117382265,SUB12,0
1685691117382447,SUB13,0
1685691119389063,SUB11,0
1685691119389135,SUB12,0
1685691119389163,SUB13,0
1685691120392148,SUB2,0
1685691120392298,SUB7,0
1685691120392409,SUB11,0
1685691120392511,SUB12,0
1685691120392621,SUB13,0
1685691121395004,SUB3,0
1685691121395046,SUB8,0
1685691121395065,SUB11,0
1685691121395095,SUB12,0
1685691121395118,SUB13,0
1685691122399113,SUB4,0
1685691122399203,SUB9,0
1685691122399270,SUB11,0
1685691122399319,SUB12,0
1685691122399354,SUB13,0
1685691123404218,SUB5,0
1685691123404596,SUB10,0
1685691123404951,SUB11,0
1685691123405225,SUB12,0
1685691123405443,SUB13,0
1685691125411845,SUB11,0
1685691125411892,SUB12,0
1685691125411912,SUB13,0
1685691126414817,SUB2,0
1685691126414877,SUB7,0
1685691126414923,SUB11,0
1685691126414945,SUB12,0
1685691126414965,SUB13,0
1685691127418603,SUB3,0
1685691127418649,SUB8,0
1685691127418671,SUB11,0
1685691127418697,SUB12,0
1685691127418717,SUB13,0
1685691128422052,SUB4,0
1685691128422097,SUB9,0
1685691128422149,SUB11,0
1685691128422210,SUB12,0
1685691128422260,SUB13,0
1685691129427250,SUB5,0
1685691129427509,SUB10,0
1685691129427735,SUB11,0
1685691129427943,SUB12,0
1685691129428132,SUB13,0
1685691131435273,SUB11,0
1685691131435391,SUB12,0
1685691131435500,SUB13,0
1685691132438417,SUB2,0
1685691132438528,SUB7,0
1685691132438604,SUB11,0
1685691132438680,SUB12,0
1685691132438751,SUB13,0
1685691133441436,SUB3,0
1685691133441476,SUB8,0
1685691133441494,SUB11,0
1685691133441512,SUB12,0
1685691133441527,SUB13,0
1685691134446113,SUB4,0
1685691134446331,SUB9,0
1685691134446533,SUB11,0
1685691134446782,SUB12,0
1685691134446944,SUB13,0
1685691135450820,SUB5,0
1685691135451121,SUB10,0
1685691135451339,SUB11,0
1685691135451568,SUB12,0
1685691135451807,SUB13,0
1685691137458383,SUB11,0
1685691137458501,SUB12,0
1685691137458613,SUB13,0
1685691138461146,SUB2,0
1685691138461200,SUB7,0
1685691138461235,SUB11,0
1685691138461252,SUB12,0
1685691138461268,SUB13,0
1685691139464839,SUB3,0
1685691139465030,SUB8,0
1685691139465193,SUB11,0
1685691139465281,SUB12,0
1685691139465366,SUB13,0
1685691140468278,SUB4,0
1685691140468332,SUB9,0
1685691140468361,SUB11,0
1685691140468390,SUB12,0
1685691140468420,SUB13,0
1685691141473559,SUB5,0
1685691141473823,SUB10,0
1685691141474078,SUB11,0
1685691141474340,SUB12,0
1685691141474554,SUB13,0
1685691143480958,SUB11,0
1685691143481013,SUB12,0
1685691143481029,SUB13,0
1685691144484092,SUB2,0
1685691144484151,SUB7,0
1685691144484172,SUB11,0
1685691144484195,SUB12,0
1685691144484210,SUB13,0
1685691145487643,SUB3,0
1685691145487790,SUB8,0
1685691145487940,SUB11,0
1685691145488075,SUB12,0
1685691145488207,SUB13,0
1685691146491189,SUB4,0
1685691146491257,SUB9,0
1685691146491285,SUB11,0
1685691146491313,SUB12,0
1685691146491339,SUB13,0
1685691147497087,SUB5,0
1685691147497289,SUB10,0
1685691147497486,SUB11,0
1685691147497696,SUB12,0
1685691147497881,SUB13,0
1685691149504366,SUB11,0
1685691149504465,SUB12,0
1685691149504479,SUB13,0
1685691150507542,SUB2,0
1685691150507576,SUB7,0
1685691150507600,SUB11,0
1685691150507615,SUB12,0
1685691150507638,SUB13,0
1685691151510538,SUB3,0
1685691151510610,SUB8,0
1685691151510629,SUB11,0
1685691151510648,SUB12,0
1685691151510672,SUB13,0
1685691152515490,SUB4,0
1685691152515688,SUB9,0
1685691152515869,SUB11,0
1685691152516021,SUB12,0
1685691152516257,SUB13,0
1685691153519865,SUB5,0
1685691153520154,SUB10,0
1685691153520356,SUB11,0
1685691153520587,SUB12,0
1685691153520820,SUB13,0
1685691155527400,SUB11,0
1685691155527418,SUB12,0
1685691155527441,SUB13,0
1685691156530940,SUB2,0
1685691156531092,SUB7,0
1685691156531216,SUB11,0
1685691156531319,SUB12,0
1685691156531472,SUB13,0
1685691157534146,SUB3,0
1685691157534282,SUB8,0
1685691157534407,SUB11,0
1685691157534498,SUB12,0
1685691157534630,SUB13,0
1685691158537540,SUB4,0
1685691158537624,SUB9,0
1685691158537653,SUB11,0
1685691158537680,SUB12,0
1685691158537707,SUB13,0
1685691159542639,SUB5,0
1685691159542912,SUB10,0
1685691159543134,SUB11,0
1685691159543358,SUB12,0
1685691159543562,SUB13,0
1685691161550200,SUB11,0
1685691161550274,SUB12,0
1685691161550290,SUB13,0
1685691162553233,SUB2,0
1685691162553261,SUB7,0
1685691162553277,SUB11,0
1685691162553292,SUB12,0
1685691162553305,SUB13,0
1685691163556904,SUB3,0
1685691163557112,SUB8,0
1685691163557231,SUB11,0
1685691163557314,SUB12,0
1685691163557422,SUB13,0
1685691164559533,SUB4,0
1685691164559585,SUB9,0
1685691164559614,SUB11,0
1685691164559642,SUB12,0
1685691164559668,SUB13,0
1685691165565318,SUB5,0
1685691165565543,SUB10,0
1685691165565744,SUB11,0
1685691165565957,SUB12,0
1685691165566145,SUB13,0
1685691167572872,SUB11,0
1685691167572943,SUB12,0
1685691167572958,SUB13,0
1685691168576853,SUB2,0
1685691168576891,SUB7,0
1685691168576937,SUB11,0
1685691168576962,SUB12,0
1685691168576985,SUB13,0
1685691169575387,SUB3,0
1685691169575417,SUB8,0
1685691169575440,SUB11,0
1685691169575491,SUB12,0
1685691169575517,SUB13,0
1685691170580935,SUB4,0
1685691170580974,SUB9,0
1685691170581022,SUB11,0
1685691170581059,SUB12,0
1685691170581086,SUB13,0
1685691171582023,SUB5,0
1685691171582266,SUB10,0
1685691171582471,SUB11,0
1685691171582683,SUB12,0
1685691171582874,SUB13,0
1685691173592344,SUB11,0
1685691173592380,SUB12,0
1685691173592397,SUB13,0
1685691174595365,SUB2,0
1685691174595409,SUB7,0
1685691174595431,SUB11,0
1685691174595460,SUB12,0
1685691174595477,SUB13,0
1685691175599285,SUB3,0
1685691175599412,SUB8,0
1685691175599585,SUB11,0
1685691175599728,SUB12,0
1685691175599821,SUB13,0
1685691176602591,SUB4,0
1685691176602685,SUB9,0
1685691176602724,SUB11,0
1685691176602753,SUB12,0
1685691176602788,SUB13,0
1685691177607906,SUB5,0
1685691177608177,SUB10,0
1685691177608419,SUB11,0
1685691177608667,SUB12,0
1685691177608885,SUB13,0
1685691178001131,SUB2,0
1685691178001221,SUB3,0
1685691178001246,SUB4,0
1685691178001261,SUB5,0
1685691178001276,SUB11,0
1685691178001292,SUB12,0
1685691178001322,SUB2,0
1685691178001333,SUB3,0
1685691178001343,SUB4,0
1685691178001353,SUB5,0
1685691178001378,SUB11,0
1685691178001387,SUB12,0
1685691179616049,SUB11,0
1685691179616193,SUB12,0
1685691179616304,SUB13,0
1685691180619173,SUB2,0
1685691180619332,SUB7,0
1685691180619443,SUB11,0
1685691180619593,SUB12,0
1685691180619707,SUB13,0
1685691181622229,SUB3,0
1685691181622259,SUB8,0
1685691181622283,SUB11,0
1685691181622309,SUB12,0
1685691181622342,SUB13,0
1685691182626194,SUB4,0
1685691182626259,SUB9,0
1685691182626288,SUB11,0
1685691182626316,SUB12,0
1685691182626343,SUB13,0
1685691183007296,SUB2,0
1685691183007422,SUB3,0
1685691183007566,SUB4,0
1685691183007648,SUB5,0
1685691183007722,SUB11,0
1685691183007795,SUB12,0
1685691183007931,SUB2,0
1685691183007987,SUB3,0
1685691183008039,SUB4,0
1685691183008090,SUB5,0
1685691183008142,SUB11,0
1685691183008205,SUB12,0
1685691183672556,SUB5,1
1685691183673690,SUB10,0
1685691183674138,SUB11,0
1685691183674167,SUB12,1
1685691183674610,SUB13,0
1685691185639423,SUB11,0
1685691185639577,SUB12,1
1685691185639698,SUB13,0
1685691186642687,SUB2,0
1685691186642837,SUB7,0
1685691186642956,SUB11,0
1685691186643080,SUB12,1
1685691186643217,SUB13,0
1685691187645811,SUB3,0
1685691187645883,SUB8,0
1685691187645903,SUB11,0
1685691187645933,SUB12,1
1685691187645964,SUB13,0
1685691188013124,SUB2,0
1685691188013252,SUB3,0
1685691188013325,SUB4,0
1685691188013432,SUB5,1
1685691188013516,SUB11,0
1685691188013645,SUB12,1
1685691188013840,SUB2,0
1685691188013896,SUB3,0
1685691188013948,SUB4,0
1685691188013999,SUB5,1
1685691188014054,SUB11,0
1685691188014106,SUB12,1
1685691188650088,SUB4,1
1685691188650302,SUB9,0
1685691188650470,SUB11,0
1685691188650567,SUB12,2
1685691188650823,SUB13,0
1685691189654600,SUB5,2
1685691189655118,SUB10,0
1685691189655351,SUB11,0
1685691189655367,SUB12,3
1685691189655618,SUB13,0
1685691191662580,SUB11,0
1685691191662658,SUB12,3
1685691191662688,SUB13,0
1685691192666231,SUB2,0
1685691192666397,SUB7,0
1685691192666510,SUB11,0
1685691192666621,SUB12,3
1685691192666732,SUB13,0
1685691193019585,SUB2,0
1685691193019740,SUB3,0
1685691193019882,SUB4,1
1685691193020003,SUB5,2
1685691193020116,SUB11,0
1685691193020223,SUB12,3
1685691193020418,SUB2,0
1685691193020496,SUB3,0
1685691193020570,SUB4,1
1685691193020651,SUB5,2
1685691193020731,SUB11,0
1685691193020805,SUB12,3
1685691193669607,SUB3,0
1685691193669796,SUB8,0
1685691193669919,SUB11,0
1685691193670032,SUB12,3
1685691193670161,SUB13,0
1685691194672698,SUB4,2
1685691194672766,SUB9,0
1685691194672805,SUB11,0
1685691194672816,SUB12,4
1685691194672853,SUB13,0
1685691195677916,SUB5,3
1685691195678518,SUB10,0
1685691195678780,SUB11,0
1685691195678799,SUB12,5
1685691195679043,SUB13,0
1685691197686326,SUB11,0
1685691197686432,SUB12,5
1685691197686540,SUB13,0
1685691198025032,SUB2,0
1685691198025162,SUB3,0
1685691198025295,SUB4,2
1685691198025411,SUB5,3
1685691198025499,SUB11,0
1685691198025572,SUB12,5
1685691198025724,SUB2,0
1685691198025782,SUB3,0
1685691198025835,SUB4,2
1685691198025889,SUB5,3
1685691198025973,SUB11,0
1685691198026038,SUB12,5
1685691198689340,SUB2,0
1685691198689382,SUB7,0
1685691198689401,SUB11,0
1685691198689426,SUB12,5
1685691198689450,SUB13,0
1685691199693164,SUB3,0
1685691199693322,SUB8,0
1685691199693455,SUB11,0
1685691199693541,SUB12,5
1685691199693633,SUB13,0
1685691200696855,SUB4,3
1685691200697137,SUB9,0
1685691200697302,SUB11,0
1685691200697344,SUB12,6
1685691200697515,SUB13,0
1685691201700555,SUB5,4
1685691201701120,SUB10,0
1685691201701382,SUB11,0
1685691201701392,SUB12,7
1685691201701640,SUB13,0
1685691203031629,SUB2,0
1685691203031789,SUB3,0
1685691203031863,SUB4,3
1685691203031944,SUB5,4
1685691203032029,SUB11,0
1685691203032110,SUB12,7
1685691203032334,SUB2,0
1685691203032391,SUB3,0
1685691203032444,SUB4,3
1685691203032521,SUB5,4
1685691203032580,SUB11,0
1685691203032650,SUB12,7
1685691203709560,SUB11,0
1685691203709715,SUB12,7
1685691203709847,SUB13,0
1685691204712913,SUB2,0
1685691204713069,SUB7,0
1685691204713192,SUB11,0
1685691204713332,SUB12,7
1685691204713422,SUB13,0
1685691205715962,SUB3,0
1685691205716003,SUB8,0
1685691205716026,SUB11,0
1685691205716050,SUB12,7
1685691205716074,SUB13,0
1685691206719839,SUB4,4
1685691206719924,SUB9,0
1685691206719955,SUB11,0
1685691206719963,SUB12,8
1685691206719991,SUB13,0
1685691207724352,SUB5,5
1685691207724997,SUB10,0
1685691207725242,SUB11,0
1685691207725251,SUB12,9
1685691207725458,SUB13,0
1685691208038208,SUB2,0
1685691208038342,SUB3,0
1685691208038420,SUB4,4
1685691208038506,SUB5,5
1685691208038593,SUB11,0
1685691208038700,SUB12,9
1685691208038858,SUB2,0
1685691208038921,SUB3,0
1685691208038979,SUB4,4
1685691208039041,SUB5,5
1685691208039105,SUB11,0
1685691208039175,SUB12,9
1685691209732731,SUB11,0
1685691209732827,SUB12,9
1685691209732858,SUB13,0
1685691210736138,SUB2,0
1685691210736291,SUB7,0
1685691210736377,SUB11,0
1685691210736472,SUB12,9
1685691210736504,SUB13,0
1685691211739654,SUB3,0
1685691211739812,SUB8,0
1685691211739907,SUB11,0
1685691211739994,SUB12,9
1685691211740170,SUB13,0
1685691212742745,SUB4,5
1685691212742847,SUB9,0
1685691212742878,SUB11,0
1685691212742886,SUB12,10
1685691212742914,SUB13,0
1685691213043978,SUB2,0
1685691213044101,SUB3,0
1685691213044181,SUB4,5
1685691213044271,SUB5,5
1685691213044382,SUB11,0
1685691213044457,SUB12,10
1685691213044620,SUB2,0
1685691213044681,SUB3,0
1685691213044738,SUB4,5
1685691213044801,SUB5,5
1685691213044865,SUB11,0
1685691213044935,SUB12,10
1685691213747812,SUB5,6
1685691213748333,SUB10,0
1685691213748544,SUB11,0
1685691213748552,SUB12,11
1685691213748750,SUB13,0
1685691215756100,SUB11,0
1685691215756299,SUB12,11
1685691215756416,SUB13,0
1685691216759233,SUB2,0
1685691216759265,SUB7,0
1685691216759306,SUB11,0
1685691216759328,SUB12,10
1685691216759360,SUB13,0
1685691217762396,SUB3,0
1685691217762457,SUB8,0
1685691217762508,SUB11,0
1685691217762527,SUB12,10
1685691217762545,SUB13,0
1685691218050123,SUB2,0
1685691218050384,SUB3,0
1685691218050474,SUB4,5
1685691218050563,SUB5,6
1685691218050669,SUB11,0
1685691218050750,SUB12,10
1685691218050917,SUB2,0
1685691218050973,SUB3,0
1685691218051027,SUB4,5
1685691218051085,SUB5,5
1685691218052255,SUB11,0
1685691218052311,SUB12,10
1685691218766664,SUB4,6
1685691218766898,SUB9,0
1685691218766938,SUB11,1
1685691218766968,SUB12,11
1685691218767154,SUB13,0
1685691219771045,SUB5,6
1685691219771566,SUB10,0
1685691219771626,SUB11,2
1685691219771647,SUB12,12
1685691219772096,SUB13,0
1685691221773700,SUB11,2
1685691221773784,SUB12,11
1685691221773814,SUB13,0
1685691222778968,SUB2,0
1685691222779118,SUB7,0
1685691222779206,SUB11,2
1685691222779323,SUB12,10
1685691222779419,SUB13,0
1685691223055532,SUB2,0
1685691223055652,SUB3,0
1685691223055736,SUB4,6
1685691223055845,SUB5,6
1685691223056078,SUB11,2
1685691223056161,SUB12,10
1685691223056319,SUB2,0
1685691223056401,SUB3,0
1685691223056455,SUB4,5
1685691223056660,SUB5,5
1685691223057703,SUB11,2
1685691223057797,SUB12,10
1685691223777315,SUB3,0
1685691223777343,SUB8,0
1685691223777371,SUB11,2
1685691223777408,SUB12,10
1685691223777433,SUB13,0
1685691224778316,SUB4,6
1685691224778382,SUB9,0
1685691224778394,SUB11,3
1685691224778408,SUB12,11
1685691224778449,SUB13,0
1685691225780515,SUB5,6
1685691225780816,SUB10,0
1685691225780838,SUB11,4
1685691225780863,SUB12,12
1685691225781127,SUB13,0
1685691227782253,SUB11,4
1685691227782307,SUB12,11
1685691227782339,SUB13,0
1685691228061394,SUB2,0
1685691228061517,SUB3,0
1685691228061594,SUB4,6
1685691228061696,SUB5,6
1685691228061792,SUB11,4
1685691228061869,SUB12,10
1685691228062055,SUB2,0
1685691228062111,SUB3,0
1685691228062163,SUB4,5
1685691228062358,SUB5,5
1685691228063412,SUB11,4
1685691228063503,SUB12,10
1685691228783349,SUB2,0
1685691228783384,SUB7,0
1685691228783403,SUB11,4
1685691228783427,SUB12,10
1685691228783470,SUB13,0
1685691229788781,SUB3,0
1685691229788846,SUB8,0
1685691229788882,SUB11,4
1685691229788900,SUB12,10
1685691229788928,SUB13,0
1685691230787845,SUB4,6
1685691230787901,SUB9,0
1685691230787910,SUB11,5
1685691230787918,SUB12,11
1685691230787962,SUB13,0
1685691231790341,SUB5,6
1685691231790589,SUB10,0
1685691231790607,SUB11,6
1685691231790622,SUB12,12
1685691231790942,SUB13,0
1685691233068885,SUB2,0
1685691233069017,SUB3,0
1685691233069148,SUB4,6
1685691233069289,SUB5,6
1685691233069384,SUB11,6
1685691233069625,SUB12,11
1685691233069791,SUB2,0
1685691233069847,SUB3,0
1685691233069899,SUB4,5
1685691233070076,SUB5,5
1685691233071036,SUB11,6
1685691233071130,SUB12,10
1685691233801578,SUB11,6
1685691233801637,SUB12,10
1685691233801655,SUB13,0
1685691234800496,SUB2,0
1685691234800531,SUB7,0
1685691234800580,SUB11,6
1685691234800627,SUB12,10
1685691234800653,SUB13,0
1685691235801673,SUB3,0
1685691235801707,SUB8,0
1685691235801731,SUB11,6
1685691235801766,SUB12,10
1685691235801793,SUB13,0
1685691236803009,SUB4,6
1685691236803087,SUB9,0
1685691236803098,SUB11,7
1685691236803109,SUB12,11
1685691236803160,SUB13,0
1685691237815049,SUB5,6
1685691237815891,SUB10,0
1685691237815942,SUB11,8
1685691237815983,SUB12,12
1685691237816728,SUB13,0
1685691238075746,SUB2,0
1685691238075826,SUB3,0
1685691238075878,SUB4,6
1685691238075942,SUB5,6
1685691238075997,SUB11,8
1685691238076124,SUB12,11
1685691238076353,SUB2,0
1685691238076419,SUB3,0
1685691238076467,SUB4,5
1685691238076592,SUB5,6
1685691238076633,SUB11,8
1685691238079173,SUB12,11
1685691239810282,SUB11,0
1685691239810323,SUB12,0
1685691239810367,SUB13,0
1685691240815724,SUB2,0
1685691240815854,SUB7,0
1685691240815947,SUB11,0
1685691240816134,SUB12,0
1685691240816256,SUB13,0
1685691241815199,SUB3,0
1685691241815250,SUB8,0
1685691241815296,SUB11,0
1685691241815331,SUB12,0
1685691241815361,SUB13,0
1685691242820196,SUB4,6
1685691242820292,SUB9,0
1685691242820359,SUB11,0
1685691242820423,SUB12,0
1685691242820486,SUB13,0
1685691243082807,SUB2,0
1685691243082932,SUB3,0
1685691243083008,SUB4,6
1685691243083098,SUB5,6
1685691243083228,SUB11,0
1685691243083300,SUB12,0
1685691243083440,SUB2,0
1685691243083535,SUB3,0
1685691243083590,SUB4,6
1685691243083650,SUB5,5
1685691243084644,SUB11,0
1685691243084713,SUB12,0
1685691243825534,SUB5,6
1685691243826101,SUB10,0
1685691243826122,SUB11,1
1685691243826129,SUB12,1
1685691243826327,SUB13,0
1685691245829022,SUB11,1
1685691245829101,SUB12,1
1685691245829156,SUB13,0
1685691246833430,SUB2,0
1685691246833546,SUB7,0
1685691246833664,SUB11,1
1685691246833749,SUB12,1
1685691246833826,SUB13,0
1685691247832758,SUB3,0
1685691247832801,SUB8,0
1685691247832832,SUB11,1
1685691247832865,SUB12,1
1685691247832895,SUB13,0
1685691248087934,SUB2,0
1685691248088073,SUB3,0
1685691248088154,SUB4,6
1685691248088252,SUB5,6
1685691248088346,SUB11,1
1685691248088420,SUB12,1
1685691248088586,SUB2,0
1685691248088644,SUB3,0
1685691248088697,SUB4,5
1685691248088914,SUB5,5
1685691248090045,SUB11,1
1685691248090103,SUB12,1
1685691248838649,SUB4,6
1685691248838874,SUB9,0
1685691248838913,SUB11,2
1685691248838945,SUB12,2
1685691248839088,SUB13,0
1685691249842778,SUB5,6
1685691249843356,SUB10,0
1685691249843382,SUB11,3
1685691249843404,SUB12,3
1685691249843685,SUB13,0
1685691251851552,SUB11,3
1685691251851678,SUB12,3
1685691251851760,SUB13,0
1685691252850959,SUB2,0
1685691252851021,SUB7,0
1685691252851068,SUB11,3
1685691252851117,SUB12,3
1685691252851161,SUB13,0
1685691253094326,SUB2,0
1685691253094478,SUB3,0
1685691253094583,SUB4,6
1685691253094775,SUB5,6
1685691253094916,SUB11,3
1685691253095028,SUB12,3
1685691253095222,SUB2,0
1685691253095300,SUB3,0
1685691253095377,SUB4,5
1685691253095705,SUB5,5
1685691253096821,SUB11,3
1685691253096940,SUB12,3
1685691253856480,SUB3,0
1685691253856671,SUB8,0
1685691253856803,SUB11,3
1685691253856892,SUB12,3
1685691253856980,SUB13,0
1685691254860272,SUB4,6
1685691254860492,SUB9,0
1685691254860528,SUB11,4
1685691254860564,SUB12,4
1685691254860705,SUB13,0
1685691255864250,SUB5,6
1685691255864587,SUB10,0
1685691255864614,SUB11,5
1685691255864646,SUB12,5
1685691255864904,SUB13,0
1685691257866513,SUB11,5
1685691257866560,SUB12,5
1685691257866618,SUB13,0
1685691258100764,SUB2,0
1685691258100957,SUB3,0
1685691258101076,SUB4,6
1685691258101176,SUB5,6
1685691258101273,SUB11,5
1685691258101351,SUB12,5
1685691258101505,SUB2,0
1685691258101562,SUB3,0
1685691258101615,SUB4,5
1685691258101837,SUB5,5
1685691258102850,SUB11,5
1685691258102947,SUB12,5
1685691258871368,SUB2,0
1685691258871404,SUB7,0
1685691258871431,SUB11,5
1685691258871465,SUB12,5
1685691258871491,SUB13,0
1685691259875048,SUB3,0
1685691259875205,SUB8,0
1685691259875295,SUB11,5
1685691259875411,SUB12,5
1685691259875596,SUB13,0
1685691260878359,SUB4,6
1685691260878433,SUB9,0
1685691260878444,SUB11,6
1685691260878451,SUB12,6
1685691260878482,SUB13,0
1685691261882713,SUB5,6
1685691261882992,SUB10,0
1685691261883019,SUB11,7
1685691261883054,SUB12,7
1685691261883307,SUB13,0
1685691263107700,SUB2,0
1685691263107834,SUB3,0
1685691263107910,SUB4,6
1685691263108011,SUB5,6
1685691263108141,SUB11,7
1685691263108222,SUB12,7
1685691263108370,SUB2,0
1685691263108427,SUB3,0
1685691263108479,SUB4,5
1685691263108678,SUB5,5
1685691263109678,SUB11,7
1685691263109741,SUB12,7
1685691263889922,SUB11,7
1685691263890045,SUB12,7
1685691263890140,SUB13,0
1685691264893031,SUB2,0
1685691264893077,SUB7,0
1685691264893104,SUB11,7
1685691264893122,SUB12,7
1685691264893139,SUB13,0
1685691265896109,SUB3,0
1685691265896182,SUB8,0
1685691265896199,SUB11,7
1685691265896227,SUB12,7
1685691265896244,SUB13,0
1685691266899938,SUB4,6
1685691266899994,SUB9,0
1685691266900008,SUB11,8
1685691266900015,SUB12,8
1685691266900048,SUB13,0
1685691267899452,SUB5,6
1685691267899688,SUB10,0
1685691267899700,SUB11,9
1685691267899708,SUB12,9
1685691267899889,SUB13,0
1685691268114256,SUB2,0
1685691268114424,SUB3,0
1685691268114510,SUB4,6
1685691268114610,SUB5,6
1685691268114691,SUB11,9
1685691268114771,SUB12,9
1685691268114957,SUB2,0
1685691268115019,SUB3,0
1685691268115095,SUB4,5
1685691268115381,SUB5,6
1685691268115523,SUB11,9
1685691268115596,SUB12,9
1685691269910792,SUB11,9
1685691269910847,SUB12,9
1685691269910864,SUB13,0
1685691270909968,SUB2,0
1685691270910007,SUB7,0
1685691270910037,SUB11,9
1685691270910078,SUB12,9
1685691270910107,SUB13,0
1685691271915518,SUB3,0
1685691271915636,SUB8,0
1685691271915754,SUB11,9
1685691271915893,SUB12,9
1685691271916083,SUB13,0
1685691272914178,SUB4,6
1685691272914263,SUB9,0
1685691272914272,SUB11,10
1685691272914287,SUB12,10
1685691272914330,SUB13,0
1685691273120066,SUB2,0
1685691273120200,SUB3,0
1685691273120281,SUB4,6
1685691273120379,SUB5,6
1685691273120479,SUB11,10
1685691273120564,SUB12,10
1685691273120749,SUB2,0
1685691273120804,SUB3,0
1685691273120856,SUB4,6
1685691273120915,SUB5,5
1685691273121907,SUB11,10
1685691273121989,SUB12,10
1685691273921181,SUB5,6
1685691273921492,SUB10,0
1685691273921505,SUB11,11
1685691273921528,SUB12,11
1685691273921752,SUB13,0
1685691275930318,SUB11,11
1685691275930431,SUB12,11
1685691275930596,SUB13,0
1685691276933517,SUB2,0
1685691276933547,SUB7,0
1685691276933573,SUB11,10
1685691276933597,SUB12,10
1685691276933622,SUB13,0
1685691277932312,SUB3,0
1685691277932356,SUB8,0
1685691277932381,SUB11,10
1685691277932404,SUB12,10
1685691277932431,SUB13,0
1685691278126812,SUB2,0
1685691278126947,SUB3,0
1685691278127030,SUB4,6
1685691278127149,SUB5,6
1685691278127286,SUB11,10
1685691278127335,SUB12,10
1685691278127535,SUB2,0
1685691278127596,SUB3,0
1685691278127654,SUB4,5
1685691278127882,SUB5,5
1685691278128875,SUB11,10
1685691278938672,SUB4,6
1685691278938907,SUB9,0
1685691278938976,SUB11,11
1685691278939022,SUB12,11
1685691278939182,SUB13,0
1685691279942844,SUB5,6
1685691279943423,SUB10,0
1685691279943434,SUB11,12
1685691279943477,SUB12,12
1685691279943739,SUB13,0
1685691281951540,SUB11,11
1685691281951615,SUB12,11
1685691281951727,SUB13,0
1685691282949835,SUB2,0
1685691282949870,SUB7,0
1685691282949882,SUB11,10
1685691282949908,SUB12,10
1685691282949940,SUB13,0
1685691283133064,SUB2,0
1685691283133156,SUB3,0
1685691283133248,SUB4,6
1685691283133340,SUB5,6
1685691283133398,SUB11,10
1685691283133425,SUB12,10
1685691283133529,SUB2,0
1685691283133566,SUB3,0
1685691283133602,SUB4,5
1685691283133759,SUB5,5
1685691283955844,SUB3,0
1685691283956038,SUB8,0
1685691283956106,SUB11,10
1685691283956153,SUB12,10
1685691283956254,SUB13,0
1685691284959336,SUB4,6
1685691284959612,SUB9,0
1685691284959662,SUB11,11
1685691284959706,SUB12,11
1685691284959865,SUB13,0
1685691285963832,SUB5,6
1685691285964366,SUB10,0
1685691285964379,SUB11,12
1685691285964391,SUB12,12
1685691285964593,SUB13,0
1685691287970840,SUB11,11
1685691287970989,SUB12,11
1685691287971170,SUB13,0
1685691288138113,SUB2,0
1685691288138169,SUB3,0
1685691288138218,SUB4,6
1685691288138277,SUB5,6
1685691288138313,SUB11,10
1685691288138330,SUB12,10
1685691288138393,SUB2,0
1685691288138415,SUB3,0
1685691288138437,SUB4,5
1685691288138730,SUB5,5
1685691288973854,SUB2,0
1685691288973886,SUB7,0
1685691288973897,SUB11,10
1685691288973922,SUB12,10
1685691288973945,SUB13,0
1685691289976761,SUB3,0
1685691289976814,SUB8,0
1685691289976829,SUB11,10
1685691289976846,SUB12,10
1685691289976879,SUB13,0
1685691290981164,SUB4,0
1685691290981352,SUB9,0
1685691290981432,SUB11,11
1685691290981539,SUB12,11
1685691290981757,SUB13,0
1685691291981268,SUB5,6
1685691291982043,SUB10,0
1685691291982062,SUB11,12
1685691291982081,SUB12,12
1685691291982341,SUB13,0
1685691293143906,SUB2,0
1685691293144101,SUB3,0
1685691293144188,SUB4,0
1685691293144299,SUB5,6
1685691293144381,SUB11,11
1685691293144437,SUB12,11
1685691293144608,SUB2,0
1685691293144663,SUB3,0
1685691293144716,SUB4,0
1685691293144768,SUB5,5
1685691293992251,SUB11,10
1685691293992347,SUB12,10
1685691293992454,SUB13,0
1685691294995501,SUB2,0
1685691294995626,SUB7,0
1685691294995667,SUB11,10
1685691294995736,SUB12,10
1685691294995808,SUB13,0
1685691295998528,SUB3,0
1685691295998557,SUB8,0
1685691295998566,SUB11,10
1685691295998579,SUB12,10
1685691295998615,SUB13,0
1685691297002381,SUB4,1
1685691297002456,SUB9,0
1685691297002469,SUB11,11
1685691297002478,SUB12,11
1685691297002516,SUB13,0
1685691298011925,SUB5,6
1685691298014510,SUB10,0
1685691298014569,SUB11,12
1685691298014628,SUB12,12
1685691298015548,SUB13,0
1685691298150336,SUB2,0
1685691298150379,SUB3,0
1685691298150402,SUB4,1
1685691298150414,SUB5,6
1685691298150427,SUB11,11
1685691298150443,SUB12,11
1685691298150494,SUB2,0
1685691298150509,SUB3,0
1685691298150523,SUB4,1
1685691300015555,SUB11,11
1685691300015637,SUB12,11
1685691300015754,SUB13,0
1685691301019109,SUB2,0
1685691301019239,SUB7,0
1685691301019278,SUB11,10
1685691301019324,SUB12,10
1685691301019408,SUB13,0
1685691302022141,SUB3,0
1685691302022215,SUB8,0
1685691302022223,SUB11,10
1685691302022232,SUB12,10
1685691302022250,SUB13,0
1685691303025301,SUB4,0
1685691303025350,SUB9,0
1685691303025362,SUB11,11
1685691303025387,SUB12,11
1685691303025429,SUB13,0
1685691303156556,SUB2,0
1685691303156667,SUB3,0
1685691303156714,SUB4,0
1685691303156734,SUB5,6
1685691303156779,SUB11,11
1685691303156803,SUB12,11
1685691303156885,SUB2,0
1685691303156915,SUB3,0
1685691303156943,SUB4,0
1685691304029709,SUB5,6
1685691304030343,SUB10,0
1685691304030394,SUB11,12
1685691304030426,SUB12,12
1685691304030761,SUB13,0
1685691306037524,SUB11,11
1685691306037636,SUB12,11
1685691306037816,SUB13,0
1685691307037775,SUB2,0
1685691307037847,SUB7,0
1685691307037871,SUB11,10
1685691307037898,SUB12,10
1685691307037973,SUB13,0
1685691308042589,SUB3,0
1685691308042736,SUB8,0
1685691308042777,SUB11,10
1685691308042821,SUB12,10
1685691308042923,SUB13,0
1685691308162635,SUB2,0
1685691308162701,SUB3,0
1685691308162761,SUB4,0
1685691308162779,SUB5,6
1685691308162802,SUB11,10
1685691308162821,SUB12,10
1685691308162889,SUB2,0
1685691308162914,SUB3,0
1685691308162938,SUB4,0
1685691309046714,SUB4,0
1685691309046948,SUB9,0
1685691309046993,SUB11,11
1685691309047040,SUB12,11
1685691309047202,SUB13,0
1685691310050462,SUB5,6
1685691310051061,SUB10,0
1685691310051091,SUB11,12
1685691310051118,SUB12,12
1685691310051416,SUB13,0
1685691312059553,SUB11,11
1685691312059716,SUB12,11
1685691312059885,SUB13,0
1685691313062578,SUB2,0
1685691313062623,SUB7,0
1685691313062634,SUB11,10
1685691313062659,SUB12,10
1685691313062685,SUB13,0
1685691313168606,SUB2,0
1685691313168648,SUB3,0
1685691313168672,SUB4,0
1685691313168683,SUB5,6
1685691313168700,SUB11,10
1685691313168728,SUB12,10
1685691313168772,SUB2,0
1685691313168789,SUB3,0
1685691313168804,SUB4,0
1685691314065658,SUB3,0
1685691314065737,SUB8,0
1685691314065749,SUB11,10
1685691314065765,SUB12,10
1685691314065801,SUB13,0
1685691315070234,SUB4,0
1685691315070485,SUB9,0
1685691315070563,SUB11,11
1685691315070611,SUB12,11
1685691315070801,SUB13,0
1685691316074023,SUB5,6
1685691316074640,SUB10,0
1685691316074666,SUB11,12
1685691316074697,SUB12,12
1685691316074961,SUB13,0
1685691318083029,SUB11,11
1685691318083134,SUB12,11
1685691318083286,SUB13,0
1685691318173680,SUB2,0
1685691318173725,SUB3,0
1685691318173744,SUB4,0
1685691318173753,SUB5,6
1685691318173764,SUB11,10
1685691318173773,SUB12,10
1685691318173805,SUB2,0
1685691318173818,SUB3,0
1685691318173829,SUB4,0
1685691319086249,SUB2,0
1685691319086355,SUB7,0
1685691319086396,SUB11,10
1685691319086442,SUB12,10
1685691319086533,SUB13,0
1685691320089235,SUB3,0
1685691320089282,SUB8,0
1685691320089298,SUB11,10
1685691320089308,SUB12,10
1685691320089328,SUB13,0
1685691321093302,SUB4,0
1685691321093386,SUB9,0
1685691321093395,SUB11,11
1685691321093411,SUB12,11
1685691321093442,SUB13,0
1685691322097854,SUB5,6
1685691322098377,SUB10,0
1685691322098391,SUB11,12
1685691322098415,SUB12,12
1685691322098623,SUB13,0
1685691323179090,SUB2,0
1685691323179283,SUB3,0
1685691323179410,SUB4,0
1685691323179498,SUB5,6
1685691323179622,SUB11,11
1685691323179746,SUB12,11
1685691323180001,SUB2,0
1685691323180084,SUB3,0
1685691323180158,SUB4,0
1685691324107074,SUB11,10
1685691324107156,SUB12,10
1685691324107293,SUB13,0
1685691325110628,SUB2,0
1685691325110744,SUB7,0
1685691325110781,SUB11,10
1685691325110825,SUB12,10
1685691325110913,SUB13,0
1685691326114085,SUB3,0
1685691326114209,SUB8,0
1685691326114251,SUB11,10
1685691326114297,SUB12,10
1685691326114387,SUB13,0
1685691327117242,SUB4,1
1685691327117330,SUB9,0
1685691327117343,SUB11,11
1685691327117374,SUB12,11
1685691327117444,SUB13,0
1685691328121462,SUB5,6
1685691328122041,SUB10,0
1685691328122071,SUB11,12
1685691328122092,SUB12,12
1685691328122316,SUB13,0
1685691328185108,SUB2,0
1685691328185276,SUB3,0
1685691328185385,SUB4,1
1685691328185448,SUB5,6
1685691328185567,SUB11,11
1685691328185647,SUB12,11
1685691328185871,SUB2,0
1685691328185956,SUB3,0
1685691328186037,SUB4,1
1685691330130759,SUB11,11
1685691330130792,SUB12,11
1685691330130826,SUB13,0
1685691331133844,SUB2,0
1685691331133917,SUB7,0
1685691331133926,SUB11,10
1685691331133936,SUB12,10
1685691331133960,SUB13,0
1685691332137715,SUB3,0
1685691332137837,SUB8,0
1685691332137878,SUB11,10
1685691332137925,SUB12,10
1685691332138046,SUB13,0
1685691333140816,SUB4,2
1685691333140894,SUB9,0
1685691333140907,SUB11,11
1685691333140917,SUB12,11
1685691333140949,SUB13,0
1685691333191786,SUB2,0
1685691333191874,SUB3,0
1685691333191950,SUB4,2
1685691333191986,SUB5,6
1685691333192035,SUB11,11
1685691333192079,SUB12,11
1685691333192237,SUB2,0
1685691333192318,SUB3,0
1685691333192374,SUB4,2
1685691334145339,SUB5,6
1685691334145924,SUB10,0
1685691334145961,SUB11,12
1685691334145992,SUB12,12
1685691334146258,SUB13,0
1685691336154400,SUB11,11
1685691336154418,SUB12,11
1685691336154442,SUB13,0
1685691337157449,SUB2,0
1685691337157518,SUB7,0
1685691337157530,SUB11,10
1685691337157560,SUB12,10
1685691337157586,SUB13,0
1685691338160914,SUB3,0
1685691338161032,SUB8,0
1685691338161104,SUB11,10
1685691338161245,SUB12,10
1685691338161297,SUB13,0
1685691338198050,SUB2,0
1685691338198116,SUB3,0
1685691338198154,SUB4,2
1685691338198175,SUB5,6
1685691338198224,SUB11,10
1685691338198255,SUB12,10
1685691338198330,SUB2,0
1685691338198356,SUB3,0
1685691338198381,SUB4,2
1685691339165100,SUB4,0
1685691339165327,SUB9,0
1685691339165422,SUB11,11
1685691339165506,SUB12,11
1685691339165715,SUB13,0
1685691340169244,SUB5,6
1685691340169865,SUB10,0
1685691340169894,SUB11,12
1685691340169938,SUB12,12
1685691340170254,SUB13,0
1685691342178069,SUB11,11
1685691342178125,SUB12,11
1685691342178210,SUB13,0
1685691343181096,SUB2,0
1685691343181132,SUB7,0
1685691343181141,SUB11,10
1685691343181150,SUB12,10
1685691343181173,SUB13,0
1685691343203764,SUB2,0
1685691343203802,SUB3,0
1685691343203823,SUB4,0
1685691343203833,SUB5,6
1685691343203847,SUB11,10
1685691343203859,SUB12,10
1685691343203913,SUB2,0
1685691343203928,SUB3,0
1685691343203942,SUB4,0
1685691344184826,SUB3,0
1685691344184998,SUB8,0
1685691344185060,SUB11,10
1685691344185136,SUB12,10
1685691344185280,SUB13,0
1685691345188769,SUB4,0
1685691345189001,SUB9,0
1685691345189066,SUB11,11
1685691345189150,SUB12,11
1685691345189360,SUB13,0
1685691346192676,SUB5,6
1685691346193346,SUB10,0
1685691346193377,SUB11,12
1685691346193398,SUB12,12
1685691346193711,SUB13,0
1685691348201697,SUB11,11
1685691348201857,SUB12,11
1685691348202036,SUB13,0
1685691348209134,SUB2,0
1685691348209263,SUB3,0
1685691348209343,SUB4,0
1685691348209382,SUB5,6
1685691348209479,SUB11,10
1685691348209529,SUB12,10
1685691348209686,SUB2,0
1685691348209746,SUB3,0
1685691348209804,SUB4,0
1685691349204942,SUB2,0
1685691349204983,SUB7,0
1685691349204995,SUB11,10
1685691349205016,SUB12,10
1685691349205043,SUB13,0
1685691350208897,SUB3,0
1685691350209071,SUB8,0
1685691350209152,SUB11,10
1685691350209206,SUB12,10
1685691350209336,SUB13,0
1685691351207968,SUB4,1
1685691351208052,SUB9,0
1685691351208067,SUB11,11
1685691351208083,SUB12,11
1685691351208145,SUB13,0
1685691352214330,SUB5,6
1685691352214941,SUB10,0
1685691352214968,SUB11,12
1685691352214997,SUB12,12
1685691352215256,SUB13,0
1685691353215227,SUB2,0
1685691353215355,SUB3,0
1685691353215432,SUB4,1
1685691353215498,SUB5,6
1685691353215560,SUB11,11
1685691353215624,SUB12,11
1685691353215848,SUB2,0
1685691353215905,SUB3,0
1685691353215957,SUB4,1
1685691354223690,SUB11,10
1685691354223940,SUB12,10
1685691354223975,SUB13,0
1685691355227225,SUB2,0
1685691355227361,SUB7,0
1685691355227419,SUB11,10
1685691355227540,SUB12,10
1685691355227649,SUB13,0
1685691356230406,SUB3,0
1685691356230606,SUB8,0
1685691356230710,SUB11,10
1685691356230755,SUB12,10
1685691356230856,SUB13,0
1685691357233710,SUB4,2
1685691357233785,SUB9,0
1685691357233793,SUB11,11
1685691357233809,SUB12,11
1685691357233840,SUB13,0
1685691358220975,SUB2,0
1685691358221044,SUB3,0
1685691358221083,SUB4,2
1685691358221102,SUB5,5
1685691358221120,SUB11,11
1685691358221172,SUB12,11
1685691358221255,SUB2,0
1685691358221282,SUB3,0
1685691358221306,SUB4,2
1685691358237474,SUB5,6
1685691358238011,SUB10,0
1685691358238035,SUB11,11
1685691358238044,SUB12,11
1685691358238304,SUB13,0
1685691360246279,SUB11,11
1685691360246322,SUB12,11
1685691360246393,SUB13,0
1685691361249895,SUB2,0
1685691361250008,SUB7,0
1685691361250047,SUB11,10
1685691361250092,SUB12,10
1685691361250210,SUB13,0
1685691362253179,SUB3,0
1685691362253297,SUB8,0
1685691362253338,SUB11,10
1685691362253382,SUB12,10
1685691362253471,SUB13,0
1685691363226098,SUB2,0
1685691363226120,SUB3,0
1685691363226142,SUB4,0
1685691363226151,SUB5,6
1685691363226164,SUB11,10
1685691363226175,SUB12,10
1685691363226222,SUB2,0
1685691363226235,SUB3,0
1685691363226248,SUB4,0
1685691363253129,SUB4,0
1685691363253203,SUB9,0
1685691363253220,SUB11,11
1685691363253239,SUB12,11
1685691363253301,SUB13,0
1685691364259701,SUB5,6
1685691364260313,SUB10,0
1685691364260327,SUB11,12
1685691364260340,SUB12,12
1685691364260549,SUB13,0
1685691366267946,SUB11,11
1685691366267967,SUB12,11
1685691366267989,SUB13,0
1685691367271703,SUB2,0
1685691367271838,SUB7,0
1685691367271901,SUB11,10
1685691367272002,SUB12,10
1685691367272152,SUB13,0
1685691368231391,SUB2,0
1685691368231547,SUB3,0
1685691368231627,SUB4,0
1685691368231663,SUB5,6
1685691368231715,SUB11,10
1685691368231785,SUB12,10
1685691368231936,SUB2,0
1685691368231992,SUB3,0
1685691368232064,SUB4,0
1685691368273586,SUB3,0
1685691368273665,SUB8,0
1685691368273690,SUB11,10
1685691368273720,SUB12,10
1685691368273803,SUB13,0
1685691369277861,SUB4,1
1685691369277922,SUB9,0
1685691369277945,SUB11,11
1685691369277954,SUB12,11
1685691369277993,SUB13,0
1685691370282323,SUB5,6
1685691370282944,SUB10,0
1685691370282970,SUB11,12
1685691370283000,SUB12,12
1685691370283242,SUB13,0
1685691372291358,SUB11,11
1685691372291484,SUB12,11
1685691372291618,SUB13,0
1685691373236042,SUB2,0
1685691373236207,SUB3,0
1685691373236285,SUB4,1
1685691373236325,SUB5,6
1685691373236378,SUB11,10
1685691373236421,SUB12,10
1685691373236574,SUB2,0
1685691373236630,SUB3,0
1685691373236682,SUB4,1
1685691373290107,SUB2,0
1685691373290131,SUB7,0
1685691373290141,SUB11,10
1685691373290151,SUB12,10
1685691373290172,SUB13,0
1685691374295608,SUB3,0
1685691374295647,SUB8,0
1685691374295662,SUB11,10
1685691374295672,SUB12,10
1685691374295691,SUB13,0
1685691375298817,SUB4,2
1685691375298883,SUB9,0
1685691375298891,SUB11,11
1685691375298907,SUB12,11
1685691375298938,SUB13,0
1685691376303893,SUB5,6
1685691376304508,SUB10,0
1685691376304519,SUB11,12
1685691376304538,SUB12,12
1685691376304728,SUB13,0
1685691378242570,SUB2,0
1685691378242707,SUB3,0
1685691378242745,SUB4,2
1685691378242782,SUB5,6
1685691378242834,SUB11,11
1685691378242918,SUB12,11
1685691378243093,SUB2,0
1685691378243153,SUB3,0
1685691378304291,SUB11,10
1685691378304308,SUB12,10
1685691378304342,SUB13,0
1685691379310041,SUB2,0
1685691379310157,SUB7,0
1685691379310198,SUB11,10
1685691379310245,SUB12,10
1685691379310348,SUB13,0
1685691380313424,SUB3,0
1685691380313567,SUB8,0
1685691380313610,SUB11,10
1685691380313656,SUB12,10
1685691380313758,SUB13,0
1685691381316523,SUB4,3
1685691381316619,SUB9,0
1685691381316628,SUB11,11
1685691381316637,SUB12,11
1685691381316668,SUB13,0
1685691382321643,SUB5,6
1685691382322194,SUB10,0
1685691382322216,SUB11,12
1685691382322246,SUB12,12
1685691382322487,SUB13,0
1685691383249359,SUB2,0
1685691383249487,SUB3,0
1685691383249526,SUB4,3
1685691383249564,SUB5,6
1685691383249646,SUB11,11
1685691383249704,SUB12,11
1685691383249882,SUB2,0
1685691383249944,SUB3,0
1685691384330182,SUB11,10
1685691384330203,SUB12,10
1685691384330241,SUB13,0
1685691385333819,SUB2,0
1685691385333973,SUB7,0
1685691385334004,SUB11,10
1685691385334013,SUB12,10
1685691385334041,SUB13,0
1685691386336997,SUB3,0
1685691386337039,SUB8,0
1685691386337053,SUB11,10
1685691386337070,SUB12,10
1685691386337109,SUB13,0
1685691387340920,SUB4,4
1685691387341003,SUB9,0
1685691387341014,SUB11,11
1685691387341023,SUB12,11
1685691387341052,SUB13,0
1685691388255520,SUB2,0
1685691388255553,SUB3,0
1685691388255566,SUB4,4
1685691388255578,SUB5,5
1685691388255591,SUB11,11
1685691388255611,SUB12,11
1685691388255668,SUB2,0
1685691388255687,SUB3,0
1685691388341742,SUB5,6
1685691388342325,SUB10,0
1685691388342342,SUB11,11
1685691388342353,SUB12,11
1685691388342647,SUB13,0
1685691390352957,SUB11,11
1685691390352990,SUB12,11
1685691390353016,SUB13,0
1685691391356902,SUB2,0
1685691391357028,SUB7,0
1685691391357069,SUB11,10
1685691391357142,SUB12,10
1685691391357228,SUB13,0
1685691392359836,SUB3,0
1685691392359878,SUB8,0
1685691392359887,SUB11,10
1685691392359896,SUB12,10
1685691392359923,SUB13,0
1685691393260729,SUB2,0
1685691393260776,SUB3,0
1685691393260786,SUB4,4
1685691393260795,SUB5,6
1685691393260807,SUB11,10
1685691393260825,SUB12,10
1685691393260859,SUB2,0
1685691393260871,SUB3,0
1685691393363126,SUB4,5
1685691393363176,SUB9,0
1685691393363188,SUB11,11
1685691393363205,SUB12,11
1685691393363250,SUB13,0
1685691394368739,SUB5,6
1685691394369251,SUB10,0
1685691394369265,SUB11,12
1685691394369277,SUB12,12
1685691394369478,SUB13,0
1685691396376530,SUB11,11
1685691396376554,SUB12,11
1685691396376602,SUB13,0
1685691397375668,SUB2,0
1685691397375710,SUB7,0
1685691397375720,SUB11,10
1685691397375736,SUB12,10
1685691397375763,SUB13,0
1685691398267102,SUB2,0
1685691398267256,SUB3,0
1685691398267343,SUB4,5
1685691398267401,SUB5,6
1685691398267520,SUB11,10
1685691398267598,SUB12,10
1685691398267806,SUB2,0
1685691398267883,SUB3,0
1685691398376536,SUB3,0
1685691398376565,SUB8,0
1685691398376577,SUB11,10
1685691398376592,SUB12,10
1685691398376620,SUB13,0
1685691399382474,SUB4,6
1685691399382584,SUB9,0
1685691399382596,SUB11,11
1685691399382623,SUB12,11
1685691399382664,SUB13,0
1685691400386969,SUB5,6
1685691400387641,SUB10,0
1685691400387685,SUB11,12
1685691400387716,SUB12,12
1685691400388046,SUB13,0
1685691402395987,SUB11,11
1685691402396180,SUB12,11
1685691402396362,SUB13,0
1685691403273905,SUB2,0
1685691403274074,SUB3,0
1685691403274133,SUB4,6
1685691403274221,SUB5,6
1685691403274310,SUB11,10
1685691403274429,SUB12,10
1685691403274662,SUB2,0
1685691403274745,SUB3,0
1685691403394717,SUB2,0
1685691403394750,SUB7,0
1685691403394761,SUB11,10
1685691403394774,SUB12,10
1685691403394808,SUB13,0
1685691404400219,SUB3,0
1685691404400280,SUB8,0
1685691404400289,SUB11,10
1685691404400298,SUB12,10
1685691404400323,SUB13,0
1685691405403378,SUB4,6
1685691405403424,SUB9,0
1685691405403432,SUB11,11
1685691405403441,SUB12,11
1685691405403484,SUB13,0
1685691406408429,SUB5,6
1685691406408932,SUB10,0
1685691406408943,SUB11,12
1685691406408956,SUB12,12
1685691406409163,SUB13,0
1685691408281241,SUB2,0
1685691408281333,SUB3,0
1685691408281370,SUB4,6
1685691408281424,SUB5,6
1685691408281474,SUB11,11
1685691408281528,SUB12,11
1685691408281719,SUB2,0
1685691408281774,SUB3,0
1685691408409098,SUB11,10
1685691408409117,SUB12,10
1685691408409144,SUB13,0
1685691409414848,SUB2,0
1685691409414931,SUB7,0
1685691409414945,SUB11,10
1685691409414963,SUB12,10
1685691409414995,SUB13,0
1685691410417932,SUB3,0
1685691410417991,SUB8,0
1685691410417999,SUB11,10
1685691410418016,SUB12,10
1685691410418036,SUB13,0
1685691411421093,SUB4,6
1685691411421164,SUB9,0
1685691411421190,SUB11,11
1685691411421212,SUB12,11
1685691411421249,SUB13,0
1685691412426121,SUB5,6
1685691412426711,SUB10,0
1685691412426748,SUB11,12
1685691412426790,SUB12,12
1685691412427048,SUB13,0
1685691413287993,SUB2,0
1685691413288121,SUB3,0
1685691413288160,SUB4,6
1685691413288217,SUB5,6
1685691413288268,SUB11,11
1685691413288357,SUB12,11
1685691413288530,SUB2,0
1685691413288591,SUB3,0
1685691414433229,SUB11,10
1685691414433356,SUB12,10
1685691414433506,SUB13,0
1685691415436552,SUB2,0
1685691415436682,SUB7,0
1685691415436724,SUB11,10
1685691415436771,SUB12,10
1685691415436863,SUB13,0
1685691416439789,SUB3,0
1685691416439835,SUB8,0
1685691416439844,SUB11,10
1685691416439853,SUB12,10
1685691416439871,SUB13,0
1685691417443916,SUB4,6
1685691417444156,SUB9,0
1685691417444198,SUB11,11
1685691417444244,SUB12,11
1685691417444400,SUB13,0
1685691418294938,SUB2,0
1685691418295067,SUB3,0
1685691418295135,SUB4,6
1685691418295192,SUB5,5
1685691418295250,SUB11,11
1685691418295306,SUB12,11
1685691418295502,SUB2,0
1685691418295559,SUB3,0
1685691418443581,SUB5,6
1685691418444250,SUB10,0
1685691418444265,SUB11,11
1685691418444277,SUB12,11
1685691418444494,SUB13,0
1685691420454379,SUB11,11
1685691420454458,SUB12,11
1685691420454483,SUB13,0
1685691421457991,SUB2,0
1685691421458111,SUB7,0
1685691421458150,SUB11,10
1685691421458224,SUB12,10
1685691421458310,SUB13,0
1685691422461130,SUB3,0
1685691422461209,SUB8,0
1685691422461218,SUB11,10
1685691422461227,SUB12,10
1685691422461252,SUB13,0
1685691423302147,SUB2,0
1685691423302270,SUB3,0
1685691423302307,SUB4,5
1685691423302346,SUB5,6
1685691423302396,SUB11,10
1685691423302439,SUB12,10
1685691423302621,SUB2,0
1685691423302676,SUB3,0
1685691423460597,SUB4,6
1685691423460711,SUB9,0
1685691423460736,SUB11,11
1685691423460758,SUB12,11
1685691423460864,SUB13,0
1685691424467588,SUB5,6
1685691424468102,SUB10,0
1685691424468116,SUB11,12
1685691424468128,SUB12,12
1685691424468346,SUB13,0
1685691426476655,SUB11,11
1685691426476790,SUB12,11
1685691426476972,SUB13,0
1685691427479917,SUB2,0
1685691427479962,SUB7,0
1685691427479972,SUB11,10
1685691427479984,SUB12,10
1685691427480007,SUB13,0
1685691428309028,SUB2,0
1685691428309148,SUB3,0
1685691428309188,SUB4,6
1685691428309270,SUB5,6
1685691428309322,SUB11,10
1685691428309365,SUB12,10
1685691428309516,SUB2,0
1685691428309572,SUB3,0
1685691428479270,SUB3,0
1685691428479347,SUB8,0
1685691428479368,SUB11,10
1685691428479397,SUB12,10
1685691428479460,SUB13,0
1685691429485290,SUB4,6
1685691429485507,SUB9,0
1685691429485572,SUB11,11
1685691429485617,SUB12,11
1685691429485774,SUB13,0
1685691430486480,SUB5,6
1685691430487594,SUB10,0
1685691430487621,SUB11,12
1685691430487661,SUB12,12
1685691430488023,SUB13,0
1685691432496505,SUB11,11
1685691432496641,SUB12,11
1685691432496855,SUB13,0
1685691433316111,SUB2,0
1685691433316275,SUB3,0
1685691433316330,SUB4,6
1685691433316413,SUB5,6
1685691433316495,SUB11,10
1685691433316597,SUB12,10
1685691433316805,SUB2,0
1685691433316883,SUB3,0
1685691433495110,SUB2,0
1685691433495145,SUB7,0
1685691433495158,SUB11,10
1685691433495186,SUB12,10
1685691433495222,SUB13,0
1685691434500761,SUB3,0
1685691434500801,SUB8,0
1685691434500829,SUB11,10
1685691434500838,SUB12,10
1685691434500863,SUB13,0
1685691435505007,SUB4,6
1685691435505289,SUB9,0
1685691435505352,SUB11,11
1685691435505396,SUB12,11
1685691435505555,SUB13,0
1685691436509223,SUB5,6
1685691436509850,SUB10,0
1685691436509877,SUB11,12
1685691436509905,SUB12,12
1685691436510161,SUB13,0
1685691438323608,SUB2,0
1685691438323701,SUB3,0
1685691438323739,SUB4,6
1685691438323791,SUB5,6
1685691438323840,SUB11,11
1685691438323895,SUB12,11
1685691438324097,SUB2,0
1685691438324153,SUB3,0
1685691438510010,SUB11,10
1685691438510024,SUB12,10
1685691438510047,SUB13,0
1685691439515502,SUB2,0
1685691439515758,SUB7,0
1685691439515774,SUB11,10
1685691439515783,SUB12,10
1685691439515800,SUB13,0
1685691440519373,SUB3,0
1685691440519527,SUB8,0
1685691440519572,SUB11,10
1685691440519645,SUB12,10
1685691440519739,SUB13,0
1685691441522553,SUB4,6
1685691441522616,SUB9,0
1685691441522625,SUB11,11
1685691441522641,SUB12,11
1685691441522671,SUB13,0
1685691442526963,SUB5,6
1685691442527511,SUB10,0
1685691442527524,SUB11,12
1685691442527538,SUB12,12
1685691442527760,SUB13,0
1685691443330393,SUB2,0
1685691443330523,SUB3,0
1685691443330562,SUB4,6
1685691443330618,SUB5,6
1685691443330671,SUB11,11
1685691443330755,SUB12,11
1685691443330934,SUB2,0
1685691443330994,SUB3,0
1685691444536212,SUB11,10
1685691444536229,SUB12,10
1685691444536275,SUB13,0
1685691445539800,SUB2,0
1685691445539930,SUB7,0
1685691445539972,SUB11,10
1685691445540019,SUB12,10
1685691445540107,SUB13,0
1685691446543111,SUB3,0
1685691446543167,SUB8,0
1685691446543182,SUB11,10
1685691446543201,SUB12,10
1685691446543235,SUB13,0
1685691447546168,SUB4,6
1685691447546247,SUB9,0
1685691447546259,SUB11,11
1685691447546278,SUB12,11
1685691447546324,SUB13,0
1685691448337354,SUB2,0
1685691448337514,SUB3,0
1685691448337606,SUB4,5
1685691448337667,SUB5,5
1685691448337733,SUB11,10
1685691448337806,SUB12,10
1685691448338020,SUB2,0
1685691448338103,SUB3,0
1685691448551341,SUB5,6
1685691448551948,SUB10,0
1685691448551967,SUB11,11
1685691448551987,SUB12,11
1685691448552196,SUB13,0
1685691450560429,SUB11,10
1685691450560540,SUB12,10
1685691450560663,SUB13,0
1685691451558813,SUB2,0
1685691451558860,SUB7,0
1685691451558871,SUB11,10
1685691451558885,SUB12,10
1685691451558921,SUB13,0
1685691452564650,SUB3,0
1685691452564722,SUB8,0
1685691452564730,SUB11,10
1685691452564739,SUB12,10
1685691452564764,SUB13,0
1685691453344142,SUB2,0
1685691453344276,SUB3,0
1685691453344314,SUB4,5
1685691453344352,SUB5,5
1685691453344387,SUB11,10
1685691453344429,SUB12,10
1685691453344613,SUB2,0
1685691453344668,SUB3,0
1685691453563207,SUB4,6
1685691453563252,SUB9,0
1685691453563260,SUB11,11
1685691453563271,SUB12,11
1685691453563311,SUB13,0
1685691454570187,SUB5,6
1685691454570787,SUB10,0
1685691454570799,SUB11,11
1685691454570810,SUB12,11
1685691454571019,SUB13,0
1685691456579552,SUB11,10
1685691456579582,SUB12,10
1685691456579618,SUB13,0
1685691457582634,SUB2,0
1685691457582658,SUB7,0
1685691457582692,SUB11,10
1685691457582705,SUB12,10
1685691457582730,SUB13,0
1685691458351281,SUB2,0
1685691458351400,SUB3,0
1685691458351437,SUB4,5
1685691458351542,SUB5,5
1685691458351608,SUB11,10
1685691458351650,SUB12,10
1685691458351810,SUB2,0
1685691458351868,SUB3,0
1685691458586239,SUB3,0
1685691458586359,SUB8,0
1685691458586399,SUB11,10
1685691458586471,SUB12,10
1685691458586563,SUB13,0
1685691459589615,SUB4,6
1685691459589681,SUB9,0
1685691459589689,SUB11,11
1685691459589713,SUB12,11
1685691459589751,SUB13,0
1685691460594006,SUB5,6
1685691460594614,SUB10,0
1685691460594639,SUB11,11
1685691460594679,SUB12,11
1685691460594891,SUB13,0
1685691462603184,SUB11,10
1685691462603197,SUB12,10
1685691462603218,SUB13,0
1685691463358323,SUB2,0
1685691463358446,SUB3,0
1685691463358483,SUB4,5
1685691463358522,SUB5,5
1685691463358556,SUB11,10
1685691463358601,SUB12,10
1685691463358780,SUB2,0
1685691463358865,SUB3,0
1685691463606401,SUB2,0
1685691463606425,SUB7,0
1685691463606433,SUB11,10
1685691463606442,SUB12,10
1685691463606458,SUB13,0
1685691464605981,SUB3,0
1685691464606012,SUB8,0
1685691464606023,SUB11,10
1685691464606036,SUB12,10
1685691464606064,SUB13,0
1685691465611345,SUB4,6
1685691465611400,SUB9,0
1685691465611408,SUB11,11
1685691465611419,SUB12,11
1685691465611455,SUB13,0
1685691466616515,SUB5,6
1685691466617136,SUB10,0
1685691466617173,SUB11,11
1685691466617195,SUB12,11
1685691466617537,SUB13,0
1685691468365016,SUB2,0
1685691468365143,SUB3,0
1685691468365180,SUB4,5
1685691468365244,SUB5,5
1685691468365280,SUB11,10
1685691468365321,SUB12,10
1685691468365470,SUB2,0
1685691468365525,SUB3,0
1685691468617461,SUB11,10
1685691468617486,SUB12,10
1685691468617518,SUB13,0
1685691469621002,SUB2,0
1685691469621324,SUB7,0
1685691469621359,SUB11,10
1685691469621395,SUB12,10
1685691469621485,SUB13,0
1685691470624997,SUB3,0
1685691470625039,SUB8,0
1685691470625048,SUB11,10
1685691470625057,SUB12,10
1685691470625076,SUB13,0
1685691471625963,SUB4,6
1685691471626112,SUB9,0
1685691471626164,SUB11,11
1685691471626239,SUB12,11
1685691471626371,SUB13,0
1685691472631384,SUB5,6
1685691472631986,SUB10,0
1685691472632015,SUB11,11
1685691472632045,SUB12,11
1685691472632286,SUB13,0
1685691473371880,SUB2,0
1685691473371971,SUB3,0
1685691473372010,SUB4,5
1685691473372049,SUB5,5
1685691473372088,SUB11,10
1685691473372131,SUB12,10
1685691473372285,SUB2,0
1685691473372345,SUB3,0
1685691474640570,SUB11,10
1685691474641002,SUB12,10
1685691474641111,SUB13,0
1685691475643708,SUB2,0
1685691475643728,SUB7,0
1685691475643736,SUB11,10
1685691475643767,SUB12,10
1685691475643785,SUB13,0
1685691476647408,SUB3,0
1685691476647500,SUB8,0
1685691476647509,SUB11,10
1685691476647526,SUB12,10
1685691476647544,SUB13,0
1685691477650627,SUB4,6
1685691477650688,SUB9,0
1685691477650696,SUB11,11
1685691477650705,SUB12,11
1685691477650742,SUB13,0
1685691478378461,SUB2,0
1685691478378589,SUB3,0
1685691478378628,SUB4,6
1685691478378670,SUB5,5
1685691478378708,SUB11,11
1685691478378787,SUB12,11
1685691478378947,SUB2,0
1685691478379007,SUB3,0
1685691478654916,SUB5,6
1685691478655434,SUB10,0
1685691478655456,SUB11,12
1685691478655471,SUB12,12
1685691478655738,SUB13,0
1685691480664389,SUB11,11
1685691480664489,SUB12,11
1685691480664617,SUB13,0
1685691481667418,SUB2,0
1685691481667450,SUB7,0
1685691481667475,SUB11,10
1685691481667484,SUB12,10
1685691481667515,SUB13,0
1685691482670457,SUB3,0
1685691482670486,SUB8,0
1685691482670500,SUB11,10
1685691482670518,SUB12,10
1685691482670574,SUB13,0
1685691483385379,SUB2,0
1685691483385577,SUB3,0
1685691483385621,SUB4,6
1685691483385705,SUB5,6
1685691483385757,SUB11,10
1685691483385800,SUB12,10
1685691483385959,SUB2,0
1685691483386038,SUB3,0
1685691483675375,SUB4,6
1685691483675645,SUB9,0
1685691483675689,SUB11,11
1685691483675734,SUB12,11
1685691483675901,SUB13,0
1685691484678720,SUB5,6
1685691484679311,SUB10,0
1685691484679334,SUB11,12
1685691484679347,SUB12,12
1685691484679558,SUB13,0
1685691486688056,SUB11,11
1685691486688097,SUB12,11
1685691486688122,SUB13,0
1685691487691096,SUB2,0
1685691487691180,SUB7,0
1685691487691197,SUB11,10
1685691487691207,SUB12,10
1685691487691233,SUB13,0
1685691488391708,SUB2,0
1685691488391904,SUB3,0
1685691488391947,SUB4,6
1685691488392002,SUB5,6
1685691488392050,SUB11,10
1685691488392122,SUB12,10
1685691488392277,SUB2,0
1685691488392333,SUB3,0
1685691488694865,SUB3,0
1685691488694982,SUB8,0
1685691488695020,SUB11,10
1685691488695067,SUB12,10
1685691488695181,SUB13,0
1685691489698188,SUB4,6
1685691489698287,SUB9,0
1685691489698328,SUB11,11
1685691489698339,SUB12,11
1685691489698399,SUB13,0
1685691490707986,SUB5,6
1685691490710577,SUB10,0
1685691490710633,SUB11,12
1685691490710695,SUB12,12
1685691490711579,SUB13,0
1685691492711901,SUB11,11
1685691492711918,SUB12,11
1685691492711958,SUB13,0
1685691493398557,SUB2,0
1685691493398684,SUB3,0
1685691493398753,SUB4,6
1685691493398808,SUB5,6
1685691493398855,SUB11,10
1685691493398898,SUB12,10
1685691493399056,SUB2,0
1685691493399111,SUB3,0
1685691493715545,SUB2,0
1685691493715641,SUB7,0
1685691493715713,SUB11,10
1685691493715811,SUB12,10
1685691493715953,SUB13,0
1685691494718917,SUB3,0
1685691494719089,SUB8,0
1685691494719191,SUB11,10
1685691494719279,SUB12,10
1685691494719439,SUB13,0
1685691495721961,SUB4,6
1685691495722026,SUB9,0
1685691495722035,SUB11,11
1685691495722051,SUB12,11
1685691495722083,SUB13,0
1685691496727055,SUB5,6
1685691496727640,SUB10,0
1685691496727669,SUB11,12
1685691496727707,SUB12,12
1685691496727941,SUB13,0
1685691498405416,SUB2,0
1685691498405544,SUB3,0
1685691498405582,SUB4,6
1685691498405638,SUB5,6
1685691498405721,SUB11,11
1685691498405779,SUB12,11
1685691498405956,SUB2,0
1685691498406017,SUB3,0
1685691498732511,SUB11,10
1685691498732525,SUB12,10
1685691498732553,SUB13,0
1685691499738323,SUB2,0
1685691499738441,SUB7,0
1685691499738482,SUB11,10
1685691499738529,SUB12,10
1685691499738674,SUB13,0
1685691500741736,SUB3,0
1685691500741862,SUB8,0
1685691500741901,SUB11,10
1685691500741946,SUB12,10
1685691500742038,SUB13,0
1685691501744682,SUB4,6
1685691501744736,SUB9,0
1685691501744744,SUB11,11
1685691501744754,SUB12,11
1685691501744784,SUB13,0
1685691502750161,SUB5,6
1685691502750787,SUB10,0
1685691502750812,SUB11,12
1685691502750855,SUB12,12
1685691502751079,SUB13,0
1685691503412437,SUB2,0
1685691503412604,SUB3,0
1685691503412642,SUB4,6
1685691503412698,SUB5,6
1685691503412738,SUB11,11
1685691503412782,SUB12,11
1685691503412937,SUB2,0
1685691503412999,SUB3,0
1685691504758256,SUB11,11
1685691504758270,SUB12,11
1685691504758293,SUB13,0
1685691505762034,SUB2,0
1685691505762079,SUB7,0
1685691505762087,SUB11,10
1685691505762103,SUB12,10
1685691505762121,SUB13,0
1685691506765140,SUB3,0
1685691506765167,SUB8,0
1685691506765182,SUB11,10
1685691506765200,SUB12,10
1685691506765219,SUB13,0
1685691507769072,SUB4,6
1685691507769139,SUB9,0
1685691507769148,SUB11,11
1685691507769157,SUB12,11
1685691507769197,SUB13,0
1685691508418796,SUB2,0
1685691508418934,SUB3,0
1685691508418975,SUB4,6
1685691508419017,SUB5,6
1685691508419071,SUB11,11
1685691508419145,SUB12,11
1685691508419307,SUB2,0
1685691508419368,SUB3,0
1685691508778407,SUB5,6
1685691508781035,SUB10,0
1685691508781096,SUB11,12
1685691508781161,SUB12,12
1685691508782039,SUB13,0
1685691510782772,SUB11,11
1685691510782873,SUB12,11
1685691510783006,SUB13,0
1685691511785861,SUB2,0
1685691511785899,SUB7,0
1685691511785907,SUB11,10
1685691511785917,SUB12,10
1685691511785933,SUB13,0
1685691512789743,SUB3,0
1685691512789773,SUB8,0
1685691512789782,SUB11,10
1685691512789791,SUB12,10
1685691512789809,SUB13,0
1685691513425171,SUB2,0
1685691513425298,SUB3,0
1685691513425339,SUB4,6
1685691513425424,SUB5,6
1685691513425479,SUB11,10
1685691513425522,SUB12,10
1685691513425679,SUB2,0
1685691513425741,SUB3,0
1685691513789213,SUB4,6
1685691513789295,SUB9,0
1685691513789309,SUB11,11
1685691513789324,SUB12,11
1685691513789376,SUB13,0
1685691514796270,SUB5,6
1685691514796889,SUB10,0
1685691514796915,SUB11,12
1685691514796945,SUB12,12
1685691514797199,SUB13,0
1685691516804753,SUB11,11
1685691516804783,SUB12,11
1685691516804808,SUB13,0
1685691517808481,SUB2,0
1685691517808535,SUB7,0
1685691517808565,SUB11,10
1685691517808574,SUB12,10
1685691517808597,SUB13,0
1685691518431843,SUB2,0
1685691518431964,SUB3,0
1685691518432001,SUB4,6
1685691518432056,SUB5,6
1685691518432104,SUB11,10
1685691518432175,SUB12,10
1685691518432328,SUB2,0
1685691518432383,SUB3,0
1685691518812330,SUB3,0
1685691518812642,SUB8,0
1685691518812690,SUB11,10
1685691518812736,SUB12,10
1685691518812860,SUB13,0
1685691519815986,SUB4,6
1685691519816202,SUB9,0
1685691519816242,SUB11,11
1685691519816286,SUB12,11
1685691519816470,SUB13,0
1685691520820089,SUB5,6
1685691520820743,SUB10,0
1685691520820769,SUB11,12
1685691520820799,SUB12,12
1685691520821050,SUB13,0
1685691522829346,SUB11,11
1685691522829453,SUB12,11
1685691522829583,SUB13,0
1685691523438466,SUB2,0
1685691523438613,SUB3,0
1685691523438662,SUB4,6
1685691523438721,SUB5,6
1685691523438754,SUB11,10
1685691523438781,SUB12,10
1685691523438887,SUB2,0
1685691523438940,SUB3,0
1685691523830364,SUB2,0
1685691523830478,SUB7,0
1685691523830524,SUB11,10
1685691523830555,SUB12,10
1685691523830618,SUB13,0
1685691524834899,SUB3,0
1685691524835055,SUB8,0
1685691524835096,SUB11,10
1685691524835142,SUB12,10
1685691524835233,SUB13,0
1685691525838272,SUB4,6
1685691525838334,SUB9,0
1685691525838343,SUB11,11
1685691525838358,SUB12,11
1685691525838391,SUB13,0
1685691526842697,SUB5,6
1685691526843200,SUB10,0
1685691526843213,SUB11,12
1685691526843234,SUB12,12
1685691526843490,SUB13,0
1685691528443900,SUB2,0
1685691528444043,SUB3,0
1685691528444082,SUB4,6
1685691528444140,SUB5,6
1685691528444224,SUB11,11
1685691528444283,SUB12,11
1685691528444454,SUB2,0
1685691528444514,SUB3,0
1685691528851890,SUB11,10
1685691528851992,SUB12,10
1685691528852105,SUB13,0
1685691529855056,SUB2,0
1685691529855097,SUB7,0
1685691529855105,SUB11,10
1685691529855114,SUB12,10
1685691529855139,SUB13,0
1685691530858120,SUB3,0
1685691530858182,SUB8,0
1685691530858193,SUB11,10
1685691530858205,SUB12,10
1685691530858231,SUB13,0
1685691531862471,SUB4,6
1685691531862692,SUB9,0
1685691531862734,SUB11,11
1685691531862780,SUB12,11
1685691531862937,SUB13,0
1685691532866477,SUB5,6
1685691532867034,SUB10,0
1685691532867047,SUB11,12
1685691532867060,SUB12,12
1685691532867272,SUB13,0
1685691533450548,SUB2,0
1685691533450644,SUB3,0
1685691533450688,SUB4,6
1685691533450767,SUB5,6
1685691533450805,SUB11,11
1685691533450848,SUB12,11
1685691533451000,SUB2,0
1685691533451075,SUB3,0
1685691534875423,SUB11,11
1685691534875546,SUB12,11
1685691534875710,SUB13,0
1685691535878743,SUB2,0
1685691535878855,SUB7,0
1685691535878937,SUB11,10
1685691535879015,SUB12,10
1685691535879150,SUB13,0
1685691536881793,SUB3,0
1685691536882070,SUB8,0
1685691536882079,SUB11,10
1685691536882094,SUB12,10
1685691536882113,SUB13,0
1685691537885609,SUB4,6
1685691537885679,SUB9,0
1685691537885687,SUB11,11
1685691537885703,SUB12,11
1685691537885733,SUB13,0
1685691538456559,SUB2,0
1685691538456687,SUB3,0
1685691538456725,SUB4,6
1685691538456765,SUB5,6
1685691538456817,SUB11,11
1685691538456887,SUB12,11
1685691538457039,SUB2,0
1685691538457094,SUB3,0
1685691538889949,SUB5,6
1685691538890534,SUB10,0
1685691538890559,SUB11,12
1685691538890598,SUB12,12
1685691538890822,SUB13,0
1685691540899264,SUB11,11
1685691540899408,SUB12,11
1685691540899654,SUB13,0
1685691541902513,SUB2,0
1685691541902632,SUB7,0
1685691541902671,SUB11,10
1685691541902716,SUB12,10
1685691541902804,SUB13,0
1685691542905488,SUB3,0
1685691542905512,SUB8,0
1685691542905520,SUB11,10
1685691542905529,SUB12,10
1685691542905548,SUB13,0
1685691543463083,SUB2,0
1685691543463222,SUB3,0
1685691543463290,SUB4,6
1685691543463348,SUB5,6
1685691543463403,SUB11,10
1685691543463490,SUB12,10
1685691543463678,SUB2,0
1685691543463739,SUB3,0
1685691543909910,SUB4,6
1685691543910104,SUB9,0
1685691543910146,SUB11,11
1685691543910192,SUB12,11
1685691543910352,SUB13,0
1685691544913911,SUB5,6
1685691544914547,SUB10,0
1685691544914587,SUB11,12
1685691544914609,SUB12,12
1685691544914951,SUB13,0
1685691546919259,SUB11,11
1685691546919287,SUB12,11
1685691546919312,SUB13,0
1685691547925011,SUB2,0
1685691547925202,SUB7,0
1685691547925274,SUB11,10
1685691547925350,SUB12,10
1685691547925447,SUB13,0
1685691548469677,SUB2,0
1685691548469878,SUB3,0
1685691548469925,SUB4,6
1685691548469984,SUB5,6
1685691548470036,SUB11,10
1685691548470109,SUB12,10
1685691548470273,SUB2,0
1685691548470334,SUB3,0
1685691548928148,SUB3,0
1685691548928222,SUB8,0
1685691548928231,SUB11,10
1685691548928240,SUB12,10
1685691548928269,SUB13,0
1685691549932003,SUB4,6
1685691549932094,SUB9,0
1685691549932103,SUB11,11
1685691549932113,SUB12,11
1685691549932150,SUB13,0
1685691550941493,SUB5,6
1685691550944082,SUB10,0
1685691550944138,SUB11,12
1685691550944198,SUB12,12
1685691550945063,SUB13,0
1685691552945813,SUB11,11
1685691552945847,SUB12,11
1685691552945873,SUB13,0
1685691553475774,SUB2,0
1685691553475864,SUB3,0
1685691553475901,SUB4,6
1685691553475954,SUB5,6
1685691553476005,SUB11,10
1685691553476049,SUB12,10
1685691553476209,SUB2,0
1685691553476266,SUB3,0
1685691553949080,SUB2,0
1685691553949153,SUB7,0
1685691553949167,SUB11,10
1685691553949184,SUB12,10
1685691553949228,SUB13,0
1685691554952846,SUB3,0
1685691554952908,SUB8,0
1685691554952935,SUB11,10
1685691554952962,SUB12,10
1685691554952988,SUB13,0
1685691555956956,SUB4,6
1685691555957170,SUB9,0
1685691555957237,SUB11,11
1685691555957280,SUB12,11
1685691555957437,SUB13,0
1685691556961294,SUB5,6
1685691556961877,SUB10,0
1685691556961901,SUB11,12
1685691556961935,SUB12,12
1685691556962172,SUB13,0
1685691558482944,SUB2,0
1685691558483136,SUB3,0
1685691558483178,SUB4,6
1685691558483232,SUB5,6
1685691558483311,SUB11,11
1685691558483364,SUB12,11
1685691558483558,SUB2,0
1685691558483614,SUB3,0
1685691558970364,SUB11,10
1685691558970460,SUB12,10
1685691558970480,SUB13,0
1685691559973592,SUB2,0
1685691559973630,SUB7,0
1685691559973638,SUB11,10
1685691559973647,SUB12,10
1685691559973681,SUB13,0
1685691560976685,SUB3,0
1685691560976718,SUB8,0
1685691560976730,SUB11,10
1685691560976744,SUB12,10
1685691560976773,SUB13,0
1685691561980635,SUB4,6
1685691561980719,SUB9,0
1685691561980751,SUB11,11
1685691561980766,SUB12,11
1685691561980833,SUB13,0
1685691562985266,SUB5,6
1685691562985801,SUB10,0
1685691562985818,SUB11,12
1685691562985837,SUB12,12
1685691562986060,SUB13,0
1685691563489214,SUB2,0
1685691563489338,SUB3,0
1685691563489394,SUB4,6
1685691563489485,SUB5,6
1685691563489548,SUB11,11
1685691563489622,SUB12,11
1685691563489836,SUB2,0
1685691563489947,SUB3,0
1685691564994250,SUB11,11
1685691564994288,SUB12,11
1685691564994350,SUB13,0
1685691565998039,SUB2,0
1685691565998193,SUB7,0
1685691565998230,SUB11,10
1685691565998274,SUB12,10
1685691565998359,SUB13,0
1685691567001195,SUB3,0
1685691567001261,SUB8,0
1685691567001270,SUB11,10
1685691567001284,SUB12,10
1685691567001302,SUB13,0
1685691568005349,SUB4,6
1685691568005564,SUB9,0
1685691568005604,SUB11,11
1685691568005674,SUB12,11
1685691568005828,SUB13,0
1685691568496184,SUB2,0
1685691568496313,SUB3,0
1685691568496348,SUB4,6
1685691568496390,SUB5,6
1685691568496441,SUB11,11
1685691568496510,SUB12,11
1685691568496662,SUB2,0
1685691568496716,SUB3,0
1685691569009297,SUB5,6
1685691569009877,SUB10,0
1685691569009900,SUB11,12
1685691569009949,SUB12,12
1685691569010180,SUB13,0
1685691571018429,SUB11,11
1685691571018528,SUB12,11
1685691571018688,SUB13,0
1685691572021780,SUB2,0
1685691572021899,SUB7,0
1685691572021938,SUB11,10
1685691572021982,SUB12,10
1685691572022067,SUB13,0
1685691573024890,SUB3,0
1685691573024927,SUB8,0
1685691573024935,SUB11,10
1685691573024943,SUB12,10
1685691573024961,SUB13,0
1685691573503223,SUB2,0
1685691573503380,SUB3,0
1685691573503416,SUB4,6
1685691573503511,SUB5,6
1685691573503566,SUB11,10
1685691573503606,SUB12,10
1685691573503764,SUB2,0
1685691573503820,SUB3,0
1685691574028775,SUB4,6
1685691574028832,SUB9,0
1685691574028839,SUB11,11
1685691574028863,SUB12,11
1685691574028893,SUB13,0
1685691575037914,SUB5,6
1685691575038531,SUB10,0
1685691575038542,SUB11,12
1685691575038572,SUB12,12
1685691575038772,SUB13,0
1685691577042338,SUB11,11
1685691577042463,SUB12,11
1685691577042593,SUB13,0
1685691578042185,SUB2,0
1685691578042236,SUB7,0
1685691578042253,SUB11,10
1685691578042286,SUB12,10
1685691578042324,SUB13,0
1685691578510241,SUB2,0
1685691578510375,SUB3,0
1685691578510418,SUB4,6
1685691578510482,SUB5,6
1685691578510572,SUB11,10
1685691578510619,SUB12,10
1685691578510785,SUB2,0
1685691578510851,SUB3,0
1685691579047428,SUB3,0
1685691579047573,SUB8,0
1685691579047618,SUB11,10
1685691579047694,SUB12,10
1685691579047787,SUB13,0
1685691580050680,SUB4,6
1685691580050743,SUB9,0
1685691580050752,SUB11,11
1685691580050761,SUB12,11
1685691580050799,SUB13,0
1685691581055213,SUB5,6
1685691581055734,SUB10,0
1685691581055748,SUB11,12
1685691581055762,SUB12,12
1685691581055973,SUB13,0
1685691583064871,SUB11,11
1685691583064975,SUB12,11
1685691583065107,SUB13,0
1685691583517346,SUB2,0
1685691583517440,SUB3,0
1685691583517483,SUB4,6
1685691583517561,SUB5,6
1685691583517609,SUB11,10
1685691583517650,SUB12,10
1685691583517831,SUB2,0
1685691583517890,SUB3,0
1685691584068322,SUB2,0
1685691584068484,SUB7,0
1685691584068544,SUB11,10
1685691584068624,SUB12,10
1685691584068753,SUB13,0
1685691585071302,SUB3,0
1685691585071333,SUB8,0
1685691585071348,SUB11,10
1685691585071367,SUB12,10
1685691585071395,SUB13,0
1685691586075788,SUB4,6
1685691586076110,SUB9,0
1685691586076172,SUB11,11
1685691586076245,SUB12,11
1685691586076460,SUB13,0
1685691587079807,SUB5,6
1685691587080354,SUB10,0
1685691587080383,SUB11,12
1685691587080402,SUB12,12
1685691587080630,SUB13,0
1685691588524070,SUB2,0
1685691588524237,SUB3,0
1685691588524294,SUB4,6
1685691588524418,SUB5,6
1685691588524500,SUB11,11
1685691588524590,SUB12,11
1685691588524820,SUB2,0
1685691588524903,SUB3,0
1685691589089165,SUB11,10
1685691589089276,SUB12,10
1685691589089395,SUB13,0
1685691590092657,SUB2,0
1685691590092854,SUB7,0
1685691590092924,SUB11,10
1685691590092973,SUB12,10
1685691590093096,SUB13,0
1685691591095983,SUB3,0
1685691591096411,SUB8,0
1685691591096421,SUB11,10
1685691591096443,SUB12,10
1685691591096468,SUB13,0
1685691592095111,SUB4,6
1685691592095170,SUB9,0
1685691592095181,SUB11,11
1685691592095194,SUB12,11
1685691592095237,SUB13,0
1685691593102431,SUB5,6
1685691593103009,SUB10,0
1685691593103034,SUB11,12
1685691593103066,SUB12,12
1685691593103313,SUB13,0
1685691593531399,SUB2,0
1685691593531561,SUB3,0
1685691593531605,SUB4,6
1685691593531664,SUB5,6
1685691593531703,SUB11,11
1685691593531747,SUB12,11
1685691593531966,SUB2,0
1685691593532027,SUB3,0
1685691595111419,SUB11,11
1685691595111589,SUB12,11
1685691595111771,SUB13,0
1685691596114754,SUB2,0
1685691596114810,SUB7,0
1685691596114822,SUB11,10
1685691596114852,SUB12,10
1685691596114892,SUB13,0
1685691597117835,SUB3,0
1685691597117924,SUB8,0
1685691597117952,SUB11,10
1685691597117976,SUB12,10
1685691597118005,SUB13,0
1685691598121758,SUB4,6
1685691598121866,SUB9,0
1685691598121896,SUB11,11
1685691598121920,SUB12,11
1685691598121963,SUB13,0
1685691598538449,SUB2,0
1685691598538614,SUB3,0
1685691598538674,SUB4,6
1685691598538744,SUB5,6
1685691598538865,SUB11,11
1685691598538944,SUB12,11
1685691598539165,SUB2,0
1685691598539271,SUB3,0
1685691599131473,SUB5,6
1685691599134124,SUB10,0
1685691599134213,SUB11,12
1685691599134345,SUB12,12
1685691599135348,SUB13,0
1685691601135518,SUB11,11
1685691601135664,SUB12,11
1685691601135882,SUB13,0
1685691602138617,SUB2,0
1685691602138650,SUB7,0
1685691602138661,SUB11,10
1685691602138673,SUB12,10
1685691602138707,SUB13,0
1685691603137612,SUB3,0
1685691603137677,SUB8,0
1685691603137688,SUB11,10
1685691603137700,SUB12,10
1685691603137726,SUB13,0
1685691603545173,SUB2,0
1685691603545279,SUB3,0
1685691603545362,SUB4,6
1685691603545461,SUB5,6
1685691603545545,SUB11,10
1685691603545620,SUB12,10
1685691603545882,SUB2,0
1685691603545973,SUB3,0
1685691604144015,SUB4,6
1685691604144235,SUB9,0
1685691604144278,SUB11,11
1685691604144326,SUB12,11
1685691604144483,SUB13,0
1685691605145763,SUB5,6
1685691605146979,SUB10,0
1685691605147016,SUB11,12
1685691605147063,SUB12,12
1685691605147539,SUB13,0
1685691607150855,SUB11,11
1685691607150902,SUB12,11
1685691607150994,SUB13,0
1685691608150904,SUB2,0
1685691608150937,SUB7,0
1685691608150947,SUB11,10
1685691608150967,SUB12,10
1685691608150990,SUB13,0
1685691608551350,SUB2,0
1685691608551518,SUB3,0
1685691608551579,SUB4,6
1685691608551640,SUB5,6
1685691608551719,SUB11,10
1685691608551761,SUB12,10
1685691608551926,SUB2,0
1685691608551987,SUB3,0
1685691609156621,SUB3,0
1685691609156730,SUB8,0
1685691609156771,SUB11,10
1685691609156844,SUB12,10
1685691609156935,SUB13,0
1685691610159338,SUB4,6
1685691610159386,SUB9,0
1685691610159394,SUB11,11
1685691610159404,SUB12,11
1685691610159442,SUB13,0
1685691611165209,SUB5,6
1685691611165773,SUB10,0
1685691611165799,SUB11,12
1685691611165813,SUB12,12
1685691611166053,SUB13,0
1685691613174173,SUB11,11
1685691613174262,SUB12,11
1685691613174394,SUB13,0
1685691613557002,SUB2,0
1685691613557163,SUB3,0
1685691613557222,SUB4,6
1685691613557311,SUB5,6
1685691613557392,SUB11,10
1685691613557471,SUB12,10
1685691613557717,SUB2,0
1685691613557804,SUB3,0
1685691614177559,SUB2,0
1685691614177719,SUB7,0
1685691614177780,SUB11,10
1685691614177856,SUB12,10
1685691614177998,SUB13,0
1685691615176920,SUB3,0
1685691615176996,SUB8,0
1685691615177025,SUB11,10
1685691615177044,SUB12,10
1685691615177091,SUB13,0
1685691616181987,SUB4,6
1685691616182073,SUB9,0
1685691616182096,SUB11,11
1685691616182105,SUB12,11
1685691616182149,SUB13,0
1685691617187421,SUB5,6
1685691617187966,SUB10,0
1685691617187978,SUB11,12
1685691617187991,SUB12,12
1685691617188187,SUB13,0
1685691618563867,SUB2,0
1685691618564003,SUB3,0
1685691618564079,SUB4,6
1685691618564215,SUB5,6
1685691618564271,SUB11,11
1685691618564329,SUB12,11
1685691618564703,SUB2,0
1685691618564764,SUB3,0
1685691619196395,SUB11,10
1685691619196448,SUB12,10
1685691619196489,SUB13,0
1685691620195311,SUB2,0
1685691620195342,SUB7,0
1685691620195353,SUB11,10
1685691620195373,SUB12,10
1685691620195397,SUB13,0
1685691621200656,SUB3,0
1685691621200735,SUB8,0
1685691621200750,SUB11,10
1685691621200763,SUB12,10
1685691621200791,SUB13,0
1685691622204922,SUB4,6
1685691622205139,SUB9,0
1685691622205181,SUB11,11
1685691622205226,SUB12,11
1685691622205411,SUB13,0
1685691623209056,SUB5,6
1685691623209646,SUB10,0
1685691623209672,SUB11,12
1685691623209700,SUB12,12
1685691623209923,SUB13,0
1685691623570338,SUB2,0
1685691623570386,SUB3,0
1685691623570399,SUB4,6
1685691623570418,SUB5,6
1685691623570436,SUB11,11
1685691623570455,SUB12,11
1685691623570525,SUB2,0
1685691623570545,SUB3,0
1685691625210138,SUB11,10
1685691625210172,SUB12,10
1685691625210219,SUB13,0
1685691626215896,SUB2,0
1685691626215991,SUB7,0
1685691626216030,SUB11,10
1685691626216076,SUB12,10
1685691626216130,SUB13,0
1685691627219188,SUB3,0
1685691627219316,SUB8,0
1685691627219383,SUB11,10
1685691627219431,SUB12,10
1685691627219553,SUB13,0
1685691628222874,SUB4,6
1685691628223074,SUB9,0
1685691628223114,SUB11,11
1685691628223187,SUB12,11
1685691628223344,SUB13,0
1685691628575860,SUB2,0
1685691628575910,SUB3,0
1685691628575925,SUB4,6
1685691628575945,SUB5,5
1685691628575969,SUB11,11
1685691628575989,SUB12,11
1685691628576047,SUB2,0
1685691628576066,SUB3,0
1685691629225595,SUB5,6
1685691629226193,SUB10,0
1685691629226219,SUB11,11
1685691629226250,SUB12,11
1685691629226482,SUB13,0
1685691631231281,SUB11,11
1685691631231305,SUB12,11
1685691631231343,SUB13,0
1685691632237090,SUB2,0
1685691632237213,SUB7,0
1685691632237256,SUB11,10
1685691632237303,SUB12,10
1685691632237388,SUB13,0
1685691633237739,SUB3,0
1685691633237831,SUB8,0
1685691633237855,SUB11,10
1685691633237883,SUB12,10
1685691633237940,SUB13,0
1685691633582347,SUB2,0
1685691633582508,SUB3,0
1685691633582559,SUB4,5
1685691633582600,SUB5,6
1685691633582650,SUB11,10
1685691633582691,SUB12,10
1685691633582846,SUB2,0
1685691633582901,SUB3,0
1685691634242207,SUB4,6
1685691634242280,SUB9,0
1685691634242288,SUB11,11
1685691634242297,SUB12,11
1685691634242328,SUB13,0
1685691635245022,SUB5,6
1685691635245606,SUB10,0
1685691635245635,SUB11,12
1685691635245663,SUB12,12
1685691635246027,SUB13,0
1685691637254474,SUB11,11
1685691637254543,SUB12,11
1685691637254673,SUB13,0
1685691638257852,SUB2,0
1685691638257980,SUB7,0
1685691638258018,SUB11,10
1685691638258092,SUB12,10
1685691638258183,SUB13,0
1685691638588805,SUB2,0
1685691638588930,SUB3,0
1685691638588966,SUB4,6
1685691638589021,SUB5,6
1685691638589098,SUB11,10
1685691638589141,SUB12,10
1685691638589294,SUB2,0
1685691638589349,SUB3,0
1685691639260824,SUB3,0
1685691639260868,SUB8,0
1685691639260876,SUB11,10
1685691639260894,SUB12,10
1685691639260913,SUB13,0
1685691640265662,SUB4,6
1685691640265869,SUB9,0
1685691640265909,SUB11,11
1685691640265954,SUB12,11
1685691640266136,SUB13,0
1685691641269307,SUB5,6
1685691641269893,SUB10,0
1685691641269922,SUB11,12
1685691641269950,SUB12,12
1685691641270228,SUB13,0
1685691643276929,SUB11,11
1685691643277026,SUB12,11
1685691643277152,SUB13,0
1685691643595388,SUB2,0
1685691643595484,SUB3,0
1685691643595501,SUB4,6
1685691643595521,SUB5,6
1685691643595540,SUB11,10
1685691643595556,SUB12,10
1685691643595628,SUB2,0
1685691643595651,SUB3,0
1685691644280419,SUB2,0
1685691644280534,SUB7,0
1685691644280573,SUB11,10
1685691644280618,SUB12,10
1685691644280702,SUB13,0
1685691645279943,SUB3,0
1685691645279998,SUB8,0
1685691645280022,SUB11,10
1685691645280050,SUB12,10
1685691645280103,SUB13,0
1685691646285736,SUB4,6
1685691646285996,SUB9,0
1685691646286038,SUB11,11
1685691646286085,SUB12,11
1685691646286241,SUB13,0
1685691647289874,SUB5,6
1685691647290483,SUB10,0
1685691647290532,SUB11,12
1685691647290546,SUB12,12
1685691647290814,SUB13,0
1685691648602477,SUB2,0
1685691648602679,SUB3,0
1685691648602723,SUB4,6
1685691648602811,SUB5,6
1685691648602864,SUB11,11
1685691648602923,SUB12,11
1685691648603114,SUB2,0
1685691648603172,SUB3,0
1685691649299070,SUB11,10
1685691649299215,SUB12,10
1685691649299332,SUB13,0
1685691650302063,SUB2,0
1685691650302146,SUB7,0
1685691650302160,SUB11,10
1685691650302176,SUB12,10
1685691650302195,SUB13,0
1685691651305959,SUB3,0
1685691651306086,SUB8,0
1685691651306125,SUB11,10
1685691651306170,SUB12,10
1685691651306289,SUB13,0
1685691652309091,SUB4,6
1685691652309351,SUB9,0
1685691652309414,SUB11,11
1685691652309501,SUB12,11
1685691652309744,SUB13,0
1685691653313495,SUB5,6
1685691653314109,SUB10,0
1685691653314154,SUB11,12
1685691653314173,SUB12,12
1685691653314490,SUB13,0
1685691653609785,SUB2,0
1685691653609911,SUB3,0
1685691653609948,SUB4,6
1685691653610003,SUB5,6
1685691653610053,SUB11,11
1685691653610110,SUB12,11
1685691653610302,SUB2,0
1685691653610358,SUB3,0
1685691655322708,SUB11,10
1685691655322786,SUB12,10
1685691655322919,SUB13,0
1685691656326098,SUB2,0
1685691656326202,SUB7,0
1685691656326241,SUB11,10
1685691656326285,SUB12,10
1685691656326426,SUB13,0
1685691657329508,SUB3,0
1685691657329649,SUB8,0
1685691657329716,SUB11,10
1685691657329761,SUB12,10
1685691657329904,SUB13,0
1685691658332790,SUB4,6
1685691658332885,SUB9,0
1685691658332893,SUB11,11
1685691658332910,SUB12,11
1685691658332940,SUB13,0
1685691658616182,SUB2,0
1685691658616315,SUB3,0
1685691658616353,SUB4,6
1685691658616407,SUB5,5
1685691658616474,SUB11,11
1685691658616530,SUB12,11
1685691658616695,SUB2,0
1685691658616752,SUB3,0
1685691659342496,SUB5,6
1685691659345071,SUB10,0
1685691659345132,SUB11,11
1685691659345203,SUB12,11
1685691659346024,SUB13,0
1685691661346567,SUB11,11
1685691661346585,SUB12,11
1685691661346633,SUB13,0
1685691662350315,SUB2,0
1685691662350452,SUB7,0
1685691662350510,SUB11,10
1685691662350575,SUB12,10
1685691662350722,SUB13,0
1685691663353576,SUB3,0
1685691663353738,SUB8,0
1685691663353793,SUB11,10
1685691663353867,SUB12,10
1685691663354029,SUB13,0
1685691663623074,SUB2,0
1685691663623231,SUB3,0
1685691663623270,SUB4,5
1685691663623309,SUB5,6
1685691663623358,SUB11,10
1685691663623401,SUB12,10
1685691663623607,SUB2,0
1685691663623663,SUB3,0
1685691664357524,SUB4,6
1685691664357757,SUB9,0
1685691664357801,SUB11,11
1685691664357867,SUB12,11
1685691664358023,SUB13,0
1685691665362254,SUB5,6
1685691665362866,SUB10,0
1685691665362898,SUB11,12
1685691665362928,SUB12,12
1685691665363175,SUB13,0
1685691667371285,SUB11,11
1685691667371317,SUB12,11
1685691667371350,SUB13,0
1685691668374264,SUB2,0
1685691668374398,SUB7,0
1685691668374437,SUB11,10
1685691668374509,SUB12,10
1685691668374601,SUB13,0
1685691668628801,SUB2,0
1685691668628852,SUB3,0
1685691668628866,SUB4,6
1685691668628885,SUB5,6
1685691668628915,SUB11,10
1685691668628931,SUB12,10
1685691668628987,SUB2,0
1685691668629007,SUB3,0
1685691669377312,SUB3,0
1685691669377359,SUB8,0
1685691669377374,SUB11,10
1685691669377402,SUB12,10
1685691669377430,SUB13,0
1685691670381492,SUB4,6
1685691670381711,SUB9,0
1685691670381752,SUB11,11
1685691670381796,SUB12,11
1685691670381980,SUB13,0
1685691671386001,SUB5,6
1685691671386530,SUB10,0
1685691671386542,SUB11,12
1685691671386555,SUB12,12
1685691671386770,SUB13,0
1685691673395018,SUB11,11
1685691673395053,SUB12,11
1685691673395079,SUB13,0
1685691673634277,SUB2,0
1685691673634348,SUB3,0
1685691673634378,SUB4,6
1685691673634404,SUB5,6
1685691673634427,SUB11,10
1685691673634447,SUB12,10
1685691673634540,SUB2,0
1685691673634568,SUB3,0
1685691674398789,SUB2,0
1685691674398981,SUB7,0
1685691674398990,SUB11,10
1685691674398999,SUB12,10
1685691674399015,SUB13,0
1685691675402321,SUB3,0
1685691675402417,SUB8,0
1685691675402454,SUB11,10
1685691675402499,SUB12,10
1685691675402587,SUB13,0
1685691676423299,SUB4,6
1685691676423582,SUB9,0
1685691676423629,SUB11,11
1685691676423673,SUB12,11
1685691676423827,SUB13,0
1685691677428355,SUB5,6
1685691677428975,SUB10,0
1685691677429026,SUB11,12
1685691677429040,SUB12,12
1685691677429262,SUB13,0
1685691678640055,SUB2,0
1685691678640182,SUB3,0
1685691678640221,SUB4,6
1685691678640304,SUB5,6
1685691678640358,SUB11,11
1685691678640416,SUB12,11
1685691678640587,SUB2,0
1685691678640648,SUB3,0
1685691679430661,SUB11,10
1685691679430970,SUB12,10
1685691679431010,SUB13,0
1685691680435697,SUB2,0
1685691680435736,SUB7,0
1685691680435744,SUB11,10
1685691680435753,SUB12,10
1685691680435777,SUB13,0
1685691681439548,SUB3,0
1685691681439700,SUB8,0
1685691681439777,SUB11,10
1685691681439878,SUB12,10
1685691681440055,SUB13,0
1685691682442834,SUB4,6
1685691682442906,SUB9,0
1685691682442933,SUB11,11
1685691682442942,SUB12,11
1685691682442973,SUB13,0
1685691683448054,SUB5,6
1685691683448675,SUB10,0
1685691683448700,SUB11,12
1685691683448730,SUB12,12
1685691683448980,SUB13,0
1685691683646491,SUB2,0
1685691683646561,SUB3,0
1685691683646583,SUB4,6
1685691683646612,SUB5,6
1685691683646638,SUB11,11
1685691683646667,SUB12,11
1685691683646772,SUB2,0
1685691683646804,SUB3,0
1685691685456986,SUB11,10
1685691685457065,SUB12,10
1685691685457181,SUB13,0
1685691686460485,SUB2,0
1685691686460642,SUB7,0
1685691686460718,SUB11,10
1685691686460815,SUB12,10
1685691686460968,SUB13,0
1685691687464073,SUB3,0
1685691687464134,SUB8,0
1685691687464143,SUB11,10
1685691687464159,SUB12,10
1685691687464178,SUB13,0
1685691688467418,SUB4,6
1685691688467471,SUB9,0
1685691688467480,SUB11,11
1685691688467495,SUB12,11
1685691688467526,SUB13,0
1685691688652774,SUB2,0
1685691688652818,SUB3,0
1685691688652831,SUB4,6
1685691688652849,SUB5,5
1685691688652862,SUB11,11
1685691688652889,SUB12,11
1685691688652929,SUB2,0
1685691688652942,SUB3,0
1685691689471910,SUB5,6
1685691689472522,SUB10,0
1685691689472549,SUB11,11
1685691689472567,SUB12,11
1685691689472848,SUB13,0
1685691691481102,SUB11,11
1685691691481122,SUB12,11
1685691691481154,SUB13,0
1685691692484944,SUB2,0
1685691692485079,SUB7,0
1685691692485120,SUB11,10
1685691692485165,SUB12,10
1685691692485252,SUB13,0
1685691693488035,SUB3,0
1685691693488093,SUB8,0
1685691693488104,SUB11,10
1685691693488116,SUB12,10
1685691693488143,SUB13,0
1685691693659090,SUB2,0
1685691693659244,SUB3,0
1685691693659282,SUB4,5
1685691693659320,SUB5,6
1685691693659373,SUB11,10
1685691693659415,SUB12,10
1685691693659604,SUB2,0
1685691693659659,SUB3,0
1685691694491962,SUB4,6
1685691694492019,SUB9,0
1685691694492035,SUB11,11
1685691694492053,SUB12,11
1685691694492098,SUB13,0
1685691695496446,SUB5,6
1685691695497043,SUB10,0
1685691695497070,SUB11,12
1685691695497082,SUB12,12
1685691695497365,SUB13,0
1685691697505860,SUB11,11
1685691697505985,SUB12,11
1685691697506157,SUB13,0
1685691698509395,SUB2,0
1685691698509594,SUB7,0
1685691698509661,SUB11,10
1685691698509738,SUB12,10
1685691698509835,SUB13,0
1685691698663728,SUB2,0
1685691698663770,SUB3,0
1685691698663779,SUB4,6
1685691698663798,SUB5,6
1685691698663812,SUB11,10
1685691698663820,SUB12,10
1685691698663865,SUB2,0
1685691698663876,SUB3,0
1685691699512735,SUB3,0
1685691699512922,SUB8,0
1685691699512968,SUB11,10
1685691699513042,SUB12,10
1685691699513158,SUB13,0
1685691700516493,SUB4,6
1685691700516712,SUB9,0
1685691700516752,SUB11,11
1685691700516797,SUB12,11
1685691700516981,SUB13,0
1685691701520992,SUB5,6
1685691701521565,SUB10,0
1685691701521592,SUB11,12
1685691701521620,SUB12,12
1685691701521848,SUB13,0
1685691703530112,SUB11,11
1685691703530203,SUB12,11
1685691703530339,SUB13,0
1685691703670091,SUB2,0
1685691703670181,SUB3,0
1685691703670217,SUB4,6
1685691703670269,SUB5,6
1685691703670317,SUB11,10
1685691703670359,SUB12,10
1685691703670534,SUB2,0
1685691703670592,SUB3,0
1685691704533387,SUB2,0
1685691704533422,SUB7,0
1685691704533431,SUB11,10
1685691704533439,SUB12,10
1685691704533455,SUB13,0
1685691705533410,SUB3,0
1685691705533457,SUB8,0
1685691705533475,SUB11,10
1685691705533496,SUB12,10
1685691705533541,SUB13,0
1685691706538459,SUB4,6
1685691706538531,SUB9,0
1685691706538540,SUB11,11
1685691706538548,SUB12,11
1685691706538578,SUB13,0
1685691707543692,SUB5,6
1685691707544194,SUB10,0
1685691707544217,SUB11,12
1685691707544230,SUB12,12
1685691707544428,SUB13,0
1685691708676477,SUB2,0
1685691708676547,SUB3,0
1685691708676563,SUB4,6
1685691708676592,SUB5,6
1685691708676609,SUB11,11
1685691708676629,SUB12,11
1685691708676687,SUB2,0
1685691708676706,SUB3,0
1685691709553460,SUB11,10
1685691709553485,SUB12,10
1685691709553510,SUB13,0
1685691710552504,SUB2,0
1685691710552534,SUB7,0
1685691710552544,SUB11,10
1685691710552555,SUB12,10
1685691710552586,SUB13,0
1685691711558034,SUB3,0
1685691711558058,SUB8,0
1685691711558067,SUB11,10
1685691711558075,SUB12,10
1685691711558102,SUB13,0
1685691712556921,SUB4,6
1685691712556988,SUB9,0
1685691712557000,SUB11,11
1685691712557018,SUB12,11
1685691712557073,SUB13,0
1685691713563761,SUB5,6
1685691713564344,SUB10,0
1685691713564357,SUB11,11
1685691713564385,SUB12,11
1685691713564620,SUB13,0
1685691713681751,SUB2,0
1685691713681790,SUB3,0
1685691713681799,SUB4,5
1685691713681808,SUB5,5
1685691713681816,SUB11,10
1685691713681834,SUB12,10
1685691713681869,SUB2,0
1685691713681879,SUB3,0
1685691715565292,SUB11,10
1685691715565312,SUB12,10
1685691715565345,SUB13,0
1685691716570825,SUB2,0
1685691716570876,SUB7,0
1685691716570886,SUB11,10
1685691716570898,SUB12,10
1685691716570922,SUB13,0
1685691717573979,SUB3,0
1685691717574012,SUB8,0
1685691717574023,SUB11,10
1685691717574045,SUB12,10
1685691717574069,SUB13,0
1685691718577832,SUB4,6
1685691718577921,SUB9,0
1685691718577932,SUB11,11
1685691718577950,SUB12,11
1685691718577983,SUB13,0
1685691718686989,SUB2,0
1685691718687035,SUB3,0
1685691718687043,SUB4,5
1685691718687051,SUB5,5
1685691718687060,SUB11,10
1685691718687078,SUB12,10
1685691718687110,SUB2,0
1685691718687121,SUB3,0
1685691719582413,SUB5,6
1685691719582990,SUB10,0
1685691719583014,SUB11,11
1685691719583050,SUB12,11
1685691719583324,SUB13,0
1685691721589496,SUB11,10
1685691721589528,SUB12,10
1685691721589605,SUB13,0
1685691722592608,SUB2,0
1685691722592631,SUB7,0
1685691722592642,SUB11,10
1685691722592657,SUB12,10
1685691722592678,SUB13,0
1685691723595657,SUB3,0
1685691723595692,SUB8,0
1685691723595705,SUB11,10
1685691723595723,SUB12,10
1685691723595768,SUB13,0
1685691723691676,SUB2,0
1685691723691722,SUB3,0
1685691723691740,SUB4,5
1685691723691748,SUB5,5
1685691723691755,SUB11,10
1685691723691763,SUB12,10
1685691723691822,SUB2,0
1685691723691833,SUB3,0
1685691724598827,SUB4,6
1685691724598884,SUB9,0
1685691724598893,SUB11,11
1685691724598904,SUB12,11
1685691724598941,SUB13,0
1685691725600069,SUB5,6
1685691725600873,SUB10,0
1685691725600893,SUB11,11
1685691725600910,SUB12,11
1685691725601194,SUB13,0
1685691727610929,SUB11,10
1685691727611033,SUB12,10
1685691727611145,SUB13,0
1685691728614381,SUB2,0
1685691728614420,SUB7,0
1685691728614428,SUB11,10
1685691728614437,SUB12,10
1685691728614461,SUB13,0
1685691728696920,SUB2,0
1685691728697067,SUB3,0
1685691728697105,SUB4,5
1685691728697143,SUB5,5
1685691728697178,SUB11,10
1685691728697217,SUB12,10
1685691728697404,SUB2,0
1685691728697459,SUB3,0
1685691729617888,SUB3,0
1685691729618094,SUB8,0
1685691729618160,SUB11,10
1685691729618207,SUB12,10
1685691729618338,SUB13,0
1685691730621850,SUB4,6
1685691730622073,SUB9,0
1685691730622111,SUB11,11
1685691730622189,SUB12,11
1685691730622399,SUB13,0
1685691731621975,SUB5,6
1685691731622771,SUB10,0
1685691731622787,SUB11,11
1685691731622804,SUB12,11
1685691731623124,SUB13,0
1685691733632969,SUB11,10
1685691733632982,SUB12,10
1685691733633006,SUB13,0
1685691733702315,SUB2,0
1685691733702440,SUB3,0
1685691733702477,SUB4,5
1685691733702543,SUB5,5
1685691733702580,SUB11,10
1685691733702623,SUB12,10
1685691733702776,SUB2,0
1685691733702831,SUB3,0
1685691734632014,SUB2,0
1685691734632058,SUB7,0
1685691734632083,SUB11,10
1685691734632093,SUB12,10
1685691734632115,SUB13,0
1685691735637713,SUB3,0
1685691735637840,SUB8,0
1685691735637880,SUB11,10
1685691735637952,SUB12,10
1685691735638052,SUB13,0
1685691736641002,SUB4,6
1685691736641071,SUB9,0
1685691736641090,SUB11,11
1685691736641119,SUB12,11
1685691736641167,SUB13,0
1685691737646151,SUB5,6
1685691737646704,SUB10,0
1685691737646719,SUB11,11
1685691737646740,SUB12,11
1685691737646964,SUB13,0
1685691738709145,SUB2,0
1685691738709273,SUB3,0
1685691738709311,SUB4,5
1685691738709351,SUB5,5
1685691738709387,SUB11,10
1685691738709456,SUB12,10
1685691738709610,SUB2,0
1685691738709665,SUB3,0
1685691739725452,SUB11,10
1685691739725830,SUB12,10
1685691739725955,SUB13,0
1685691740681677,SUB2,0
1685691740681707,SUB7,0
1685691740681719,SUB11,10
1685691740681734,SUB12,10
1685691740681763,SUB13,0
1685691741685626,SUB3,0
1685691741685722,SUB8,0
1685691741685762,SUB11,10
1685691741685805,SUB12,10
1685691741685893,SUB13,0
1685691742688761,SUB4,6
1685691742688867,SUB9,0
1685691742688884,SUB11,11
1685691742688903,SUB12,11
1685691742688950,SUB13,0
1685691743694073,SUB5,6
1685691743694641,SUB10,0
1685691743694684,SUB11,12
1685691743694706,SUB12,12
1685691743694955,SUB13,0
1685691743715172,SUB2,0
1685691743715217,SUB3,0
1685691743715233,SUB4,6
1685691743715272,SUB5,6
1685691743715306,SUB11,11
1685691743715330,SUB12,11
1685691743715390,SUB2,0
1685691743715411,SUB3,0
1685691745703523,SUB11,11
1685691745703642,SUB12,11
1685691745703828,SUB13,0
1685691746707101,SUB2,0
1685691746707233,SUB7,0
1685691746707275,SUB11,10
1685691746707321,SUB12,10
1685691746707440,SUB13,0
1685691747710495,SUB3,0
1685691747710626,SUB8,0
1685691747710668,SUB11,10
1685691747710716,SUB12,10
1685691747710834,SUB13,0
1685691748713539,SUB4,6
1685691748713601,SUB9,0
1685691748713610,SUB11,11
1685691748713618,SUB12,11
1685691748713648,SUB13,0
1685691748720964,SUB2,0
1685691748720998,SUB3,0
1685691748721007,SUB4,6
1685691748721016,SUB5,6
1685691748721027,SUB11,11
1685691748721037,SUB12,11
1685691748721088,SUB2,0
1685691748721100,SUB3,0
1685691749718786,SUB5,6
1685691749719376,SUB10,0
1685691749719403,SUB11,12
1685691749719431,SUB12,12
1685691749719708,SUB13,0
1685691751728083,SUB11,11
1685691751728132,SUB12,11
1685691751728156,SUB13,0
1685691752731191,SUB2,0
1685691752731210,SUB7,0
1685691752731218,SUB11,10
1685691752731227,SUB12,10
1685691752731244,SUB13,0
1685691753726265,SUB2,0
1685691753726395,SUB3,0
1685691753726470,SUB4,6
1685691753726595,SUB5,6
1685691753726646,SUB11,10
1685691753726687,SUB12,10
1685691753726856,SUB2,0
1685691753726911,SUB3,0
1685691753734616,SUB3,0
1685691753734859,SUB8,0
1685691753734905,SUB11,10
1685691753734949,SUB12,10
1685691753735044,SUB13,0
1685691754738114,SUB4,6
1685691754738177,SUB9,0
1685691754738188,SUB11,11
1685691754738204,SUB12,11
1685691754738234,SUB13,0
1685691755742376,SUB5,6
1685691755742930,SUB10,0
1685691755742942,SUB11,12
1685691755742981,SUB12,12
1685691755743238,SUB13,0
1685691757751843,SUB11,11
1685691757751867,SUB12,11
1685691757751922,SUB13,0
1685691758733375,SUB2,0
1685691758733539,SUB3,0
1685691758733596,SUB4,6
1685691758733682,SUB5,6
1685691758733763,SUB11,10
1685691758733868,SUB12,10
1685691758734075,SUB2,0
1685691758734158,SUB3,0
1685691758755591,SUB2,0
1685691758755748,SUB7,0
1685691758755807,SUB11,10
1685691758755881,SUB12,10
1685691758756066,SUB13,0
1685691759758725,SUB3,0
1685691759758779,SUB8,0
1685691759758788,SUB11,10
1685691759758796,SUB12,10
1685691759758816,SUB13,0
1685691760759967,SUB4,6
1685691760760159,SUB9,0
1685691760760208,SUB11,11
1685691760760270,SUB12,11
1685691760760426,SUB13,0
1685691761766143,SUB5,6
1685691761766791,SUB10,0
1685691761766836,SUB11,12
1685691761766855,SUB12,12
1685691761767176,SUB13,0
1685691763740113,SUB2,0
1685691763740236,SUB3,0
1685691763740299,SUB4,6
1685691763740381,SUB5,6
1685691763740457,SUB11,11
1685691763740549,SUB12,11
1685691763740812,SUB2,0
1685691763740908,SUB3,0
1685691763771495,SUB11,10
1685691763771528,SUB12,10
1685691763771568,SUB13,0
1685691764777326,SUB2,0
1685691764777527,SUB7,0
1685691764777583,SUB11,10
1685691764777662,SUB12,10
1685691764777792,SUB13,0
1685691765780474,SUB3,0
1685691765780822,SUB8,0
1685691765780832,SUB11,10
1685691765780847,SUB12,10
1685691765780865,SUB13,0
1685691766784701,SUB4,6
1685691766784913,SUB9,0
1685691766784953,SUB11,11
1685691766785025,SUB12,11
1685691766785185,SUB13,0
1685691767788911,SUB5,6
1685691767789581,SUB10,0
1685691767789595,SUB11,12
1685691767789608,SUB12,12
1685691767789834,SUB13,0
1685691768747258,SUB2,0
1685691768747382,SUB3,0
1685691768747418,SUB4,6
1685691768747502,SUB5,6
1685691768747559,SUB11,11
1685691768747643,SUB12,11
1685691768747812,SUB2,0
1685691768747867,SUB3,0
1685691769798319,SUB11,10
1685691769798398,SUB12,10
1685691769798537,SUB13,0
1685691770801844,SUB2,0
1685691770802093,SUB7,0
1685691770802155,SUB11,10
1685691770802236,SUB12,10
1685691770802367,SUB13,0
1685691771805132,SUB3,0
1685691771805162,SUB8,0
1685691771805174,SUB11,10
1685691771805190,SUB12,10
1685691771805218,SUB13,0
1685691772809309,SUB4,6
1685691772809561,SUB9,0
1685691772809603,SUB11,11
1685691772809649,SUB12,11
1685691772809803,SUB13,0
1685691773754098,SUB2,0
1685691773754223,SUB3,0
1685691773754290,SUB4,6
1685691773754348,SUB5,5
1685691773754385,SUB11,11
1685691773754444,SUB12,11
1685691773754615,SUB2,0
1685691773754675,SUB3,0
1685691773813534,SUB5,6
1685691773814088,SUB10,0
1685691773814100,SUB11,11
1685691773814109,SUB12,11
1685691773814297,SUB13,0
1685691775822909,SUB11,11
1685691775822947,SUB12,11
1685691775822970,SUB13,0
1685691776826705,SUB2,0
1685691776826840,SUB7,0
1685691776826881,SUB11,10
1685691776826953,SUB12,10
1685691776827039,SUB13,0
1685691777829925,SUB3,0
1685691777829967,SUB8,0
1685691777829976,SUB11,10
1685691777829985,SUB12,10
1685691777830012,SUB13,0
1685691778760805,SUB2,0
1685691778761003,SUB3,0
1685691778761049,SUB4,5
1685691778761089,SUB5,6
1685691778761143,SUB11,10
1685691778761184,SUB12,10
1685691778761379,SUB2,0
1685691778761440,SUB3,0
1685691778834283,SUB4,6
1685691778834498,SUB9,0
1685691778834540,SUB11,11
1685691778834586,SUB12,11
1685691778834780,SUB13,0
1685691779838415,SUB5,6
1685691779839028,SUB10,0
1685691779839042,SUB11,12
1685691779839063,SUB12,12
1685691779839279,SUB13,0
1685691781848092,SUB11,11
1685691781848190,SUB12,11
1685691781848319,SUB13,0
1685691782851680,SUB2,0
1685691782851833,SUB7,0
1685691782851915,SUB11,10
1685691782851972,SUB12,10
1685691782852073,SUB13,0
1685691783767743,SUB2,0
1685691783767870,SUB3,0
1685691783767908,SUB4,6
1685691783767993,SUB5,6
1685691783768048,SUB11,10
1685691783768094,SUB12,10
1685691783768267,SUB2,0
1685691783768325,SUB3,0
1685691783850852,SUB3,0
1685691783850905,SUB8,0
1685691783850913,SUB11,10
1685691783850922,SUB12,10
1685691783850941,SUB13,0
1685691784856663,SUB4,6
1685691784856754,SUB9,0
1685691784856776,SUB11,11
1685691784856784,SUB12,11
1685691784856814,SUB13,0
1685691785861475,SUB5,6
1685691785862075,SUB10,0
1685691785862101,SUB11,12
1685691785862123,SUB12,12
1685691785862358,SUB13,0
1685691787870971,SUB11,11
1685691787871120,SUB12,11
1685691787871327,SUB13,0
